phase,symbol,month,method,n,BA,MCC,Brier,AUC,up_recall,down_recall,pred_up,constant
development,AAPL,2018-09,F0,57,0.49753694581280783,-0.007089880956935217,0.24875127751290874,0.6280788177339901,0.8571428571428571,0.13793103448275862,0.8596491228070176,False
development,AAPL,2018-10,F0,69,0.5102564102564102,0.028886325786964755,0.2694802385227657,0.5846153846153846,0.8666666666666667,0.15384615384615385,0.855072463768116,False
development,AAPL,2018-09,R1,57,0.6188423645320198,0.2831921951995806,0.23687878867299847,0.6748768472906405,0.8928571428571429,0.3448275862068966,0.7719298245614035,False
development,AAPL,2018-10,R1,69,0.5153846153846154,0.03698001308168194,0.25008536424052286,0.6205128205128204,0.8,0.23076923076923078,0.782608695652174,False
development,AAPL,2018-09,F1,57,0.6016009852216749,0.24917762935063273,0.2461162990471983,0.583743842364532,0.8928571428571429,0.3103448275862069,0.7894736842105263,False
development,AAPL,2018-10,F1,69,0.5615384615384615,0.15171348989784333,0.253162180420804,0.5632478632478632,0.8666666666666667,0.2564102564102564,0.7971014492753623,False
development,AAPL,2018-09,F2,57,0.5843596059113301,0.21373088995176615,0.24342446352926747,0.6933497536945814,0.8928571428571429,0.27586206896551724,0.8070175438596491,False
development,AAPL,2018-10,F2,69,0.5064102564102564,0.01676757576219862,0.3107541368019272,0.594017094017094,0.8333333333333334,0.1794871794871795,0.8260869565217391,False
development,AAPL,2018-09,F6,57,0.5344827586206896,0.1873758732290221,0.24877587487709044,0.6305418719211823,1.0,0.06896551724137931,0.9649122807017544,False
development,AAPL,2018-10,F6,69,0.47564102564102567,-0.09315516419063742,0.26433476716613225,0.5162393162393162,0.9,0.05128205128205128,0.927536231884058,False
development,AAPL,2018-09,HISTORY_LR,57,0.5098522167487685,0.019851666679418605,0.3007320398502875,0.5369458128078818,0.5714285714285714,0.4482758620689655,0.5614035087719298,False
development,AAPL,2018-10,HISTORY_LR,69,0.391025641025641,-0.22295968790380863,0.44371861490883174,0.33760683760683763,0.5,0.28205128205128205,0.6231884057971014,False
development,AAPL,2018-09,CHRONOS_LR,57,0.5,0.0,0.26053445467233777,0.35960591133004927,1.0,0.0,1.0,True
development,AAPL,2018-10,CHRONOS_LR,69,0.5,0.0,0.26392528410100613,0.5042735042735043,1.0,0.0,1.0,True
development,AMZN,2018-09,F0,57,0.42179802955665024,-0.15698501016068359,0.2784089890638216,0.4236453201970444,0.4642857142857143,0.3793103448275862,0.543859649122807,False
development,AMZN,2018-10,F0,69,0.5520833333333333,0.0976086011803788,0.2647896263293537,0.6458333333333334,0.6666666666666666,0.4375,0.5942028985507246,False
development,AMZN,2018-09,R1,57,0.47598522167487683,-0.04977665340318334,0.26348832319443444,0.5197044334975369,0.6071428571428571,0.3448275862068966,0.631578947368421,False
development,AMZN,2018-10,R1,69,0.5416666666666666,0.07856742013183861,0.2788264595358372,0.6041666666666666,0.6666666666666666,0.4166666666666667,0.6086956521739131,False
development,AMZN,2018-09,F1,57,0.4716748768472906,-0.05817474046899912,0.2553051922206057,0.5012315270935961,0.35714285714285715,0.5862068965517241,0.38596491228070173,False
development,AMZN,2018-10,F1,69,0.65625,0.2890730751633232,0.24220680697950617,0.6815476190476191,0.6666666666666666,0.6458333333333334,0.4492753623188406,False
development,AMZN,2018-09,F2,57,0.41995073891625617,-0.16129479177027617,0.2759682940694396,0.5073891625615763,0.35714285714285715,0.4827586206896552,0.43859649122807015,False
development,AMZN,2018-10,F2,69,0.5446428571428572,0.08625819491779428,0.31556534866295327,0.5962301587301587,0.7142857142857143,0.375,0.6521739130434783,False
development,AMZN,2018-09,F6,57,0.4944581280788177,-0.011920540257484747,0.2579996889595012,0.46059113300492616,0.6785714285714286,0.3103448275862069,0.6842105263157895,False
development,AMZN,2018-10,F6,69,0.5416666666666666,0.07856742013183861,0.27107304294789336,0.6259920634920635,0.6666666666666666,0.4166666666666667,0.6086956521739131,False
development,AMZN,2018-09,HISTORY_LR,57,0.5997536945812808,0.21456972463472546,0.23974338078341736,0.6391625615763546,0.7857142857142857,0.41379310344827586,0.6842105263157895,False
development,AMZN,2018-10,HISTORY_LR,69,0.5654761904761905,0.1243434071559219,0.28059861801854163,0.5684523809523809,0.7142857142857143,0.4166666666666667,0.6231884057971014,False
development,AMZN,2018-09,CHRONOS_LR,57,0.5338669950738917,0.13256129693089297,0.2505665444992958,0.5344827586206896,0.9642857142857143,0.10344827586206896,0.9298245614035088,False
development,AMZN,2018-10,CHRONOS_LR,69,0.4226190476190476,-0.1427968019282177,0.2588205293054783,0.44246031746031744,0.42857142857142855,0.4166666666666667,0.5362318840579711,False
later,AAPL,2018-11,F0,60,0.5205784204671857,0.0640670789510079,0.2655753785206136,0.5105672969966629,0.9032258064516129,0.13793103448275862,0.8833333333333333,False
later,AAPL,2018-12,F0,53,0.5681114551083591,0.15183249942890767,0.28236599956090924,0.5882352941176471,0.8421052631578947,0.29411764705882354,0.7547169811320755,False
later,AAPL,2019-01,F0,63,0.4573804573804574,-0.12603755744009754,0.2581657890924156,0.4563409563409564,0.8378378378378378,0.07692307692307693,0.873015873015873,False
later,AAPL,2019-02,F0,2,,0.0,0.3907109209162276,,,0.0,1.0,True
later,AAPL,2018-11,R1,60,0.5261401557285873,0.05797747850973157,0.25403661854843856,0.5305895439377085,0.7419354838709677,0.3103448275862069,0.7166666666666667,False
later,AAPL,2018-12,R1,53,0.6385448916408669,0.2949846002743204,0.25395936945559855,0.6114551083591332,0.8947368421052632,0.38235294117647056,0.7169811320754716,False
later,AAPL,2019-01,R1,63,0.485966735966736,-0.030586777135731963,0.25486671639997927,0.46569646569646567,0.7027027027027027,0.2692307692307692,0.7142857142857143,False
later,AAPL,2019-02,R1,2,,0.0,0.3846307444858184,,,0.0,1.0,True
later,AAPL,2018-11,F1,60,0.5066740823136818,0.01667593364912675,0.2555355122588828,0.5350389321468298,0.8064516129032258,0.20689655172413793,0.8,False
later,AAPL,2018-12,F1,53,0.5565015479876161,0.12030098223477871,0.2596946425076442,0.6130030959752322,0.7894736842105263,0.3235294117647059,0.7169811320754716,False
later,AAPL,2019-01,F1,63,0.48804573804573803,-0.029085974677101674,0.25620523177629684,0.4906444906444906,0.7837837837837838,0.19230769230769232,0.7936507936507936,False
later,AAPL,2019-02,F1,2,,0.0,0.4083408880370367,,,0.0,1.0,True
later,AAPL,2018-11,F2,60,0.6262513904338154,0.28001888556827803,0.25049160393742603,0.6451612903225807,0.8387096774193549,0.41379310344827586,0.7166666666666667,False
later,AAPL,2018-12,F2,53,0.5007739938080495,0.0016837880371435127,0.3342213897787733,0.5092879256965944,0.7368421052631579,0.2647058823529412,0.7358490566037735,False
later,AAPL,2019-01,F2,63,0.5784823284823285,0.1775335718988042,0.2725644790519098,0.5083160083160083,0.8108108108108109,0.34615384615384615,0.746031746031746,False
later,AAPL,2019-02,F2,2,,0.0,0.4590555618167934,,,0.0,1.0,True
later,AAPL,2018-11,F6,60,0.4949944382647386,-0.010488677029536228,0.24403444476971378,0.5773081201334817,0.6451612903225806,0.3448275862068966,0.65,False
later,AAPL,2018-12,F6,53,0.5154798761609907,0.03295917321500787,0.26271592243784,0.56656346749226,0.7368421052631579,0.29411764705882354,0.7169811320754716,False
later,AAPL,2019-01,F6,63,0.4688149688149688,-0.0781966239492789,0.24935316560042986,0.4313929313929314,0.7837837837837838,0.15384615384615385,0.8095238095238095,False
later,AAPL,2019-02,F6,2,,0.0,0.36619327304271565,,,0.0,1.0,True
later,AAPL,2018-11,HISTORY_LR,60,0.4994438264738599,-0.0011123470522803114,0.4244787888174697,0.41268075639599555,0.5161290322580645,0.4827586206896552,0.5166666666666667,False
later,AAPL,2018-12,HISTORY_LR,53,0.5425696594427245,0.0817894731149928,0.32104712358601367,0.5340557275541796,0.5263157894736842,0.5588235294117647,0.4716981132075472,False
later,AAPL,2019-01,HISTORY_LR,63,0.5181912681912682,0.03604686254552953,0.3270311002064696,0.5166320166320166,0.4594594594594595,0.5769230769230769,0.4444444444444444,False
later,AAPL,2019-02,HISTORY_LR,2,,0.0,0.5546650210912177,,,0.5,0.5,False
later,AAPL,2018-11,CHRONOS_LR,60,0.5172413793103449,0.13460334176483385,0.25019080791685294,0.5283648498331479,1.0,0.034482758620689655,0.9833333333333333,False
later,AAPL,2018-12,CHRONOS_LR,53,0.5,0.0,0.2725843387413523,0.4938080495356037,1.0,0.0,1.0,True
later,AAPL,2019-01,CHRONOS_LR,63,0.5,0.0,0.24422374532152857,0.4355509355509356,1.0,0.0,1.0,True
later,AAPL,2019-02,CHRONOS_LR,2,,0.0,0.3264721537381735,,,0.0,1.0,True
later,AMZN,2018-11,F0,60,0.5347222222222222,0.06900655593423542,0.26983766603811665,0.5578703703703705,0.6111111111111112,0.4583333333333333,0.5833333333333334,False
later,AMZN,2018-12,F0,54,0.556390977443609,0.11048004015888321,0.25001419588042223,0.6721804511278195,0.6842105263157895,0.42857142857142855,0.6111111111111112,False
later,AMZN,2019-01,F0,63,0.42315789473684207,-0.15272267317972885,0.280979884288332,0.37157894736842106,0.5263157894736842,0.32,0.5873015873015873,False
later,AMZN,2019-02,F0,2,0.5,0.0,0.26145143278404165,0.0,1.0,0.0,1.0,True
later,AMZN,2018-11,R1,60,0.5277777777777778,0.055978284637523995,0.2844212127969923,0.5173611111111112,0.6388888888888888,0.4166666666666667,0.6166666666666667,False
later,AMZN,2018-12,R1,54,0.5323308270676692,0.061928224614379454,0.2584394215807982,0.6225563909774435,0.5789473684210527,0.4857142857142857,0.5370370370370371,False
later,AMZN,2019-01,R1,63,0.44263157894736843,-0.11775013847245042,0.272779513025182,0.3821052631578947,0.6052631578947368,0.28,0.6507936507936508,False
later,AMZN,2019-02,R1,2,0.5,0.0,0.26145143278404165,0.0,1.0,0.0,1.0,True
later,AMZN,2018-11,F1,60,0.5138888888888888,0.02723168561657922,0.267106988666287,0.5370370370370371,0.5277777777777778,0.5,0.5166666666666667,False
later,AMZN,2018-12,F1,54,0.606015037593985,0.20770247549870044,0.23183241241765348,0.6270676691729323,0.5263157894736842,0.6857142857142857,0.3888888888888889,False
later,AMZN,2019-01,F1,63,0.49684210526315786,-0.006186882248897459,0.27251657027097936,0.44105263157894736,0.47368421052631576,0.52,0.47619047619047616,False
later,AMZN,2019-02,F1,2,0.5,0.0,0.26145143278404165,0.0,1.0,0.0,1.0,True
later,AMZN,2018-11,F2,60,0.5694444444444444,0.14433756729740643,0.26969373427795784,0.5532407407407408,0.7222222222222222,0.4166666666666667,0.6666666666666666,False
later,AMZN,2018-12,F2,54,0.544360902255639,0.08568334725853646,0.2564036519905897,0.637593984962406,0.631578947368421,0.45714285714285713,0.5740740740740741,False
later,AMZN,2019-01,F2,63,0.5163157894736843,0.03203033152014646,0.25860775810321435,0.5073684210526317,0.5526315789473685,0.48,0.5396825396825397,False
later,AMZN,2019-02,F2,2,0.5,0.0,0.26145143278404165,0.0,1.0,0.0,1.0,True
later,AMZN,2018-11,F6,60,0.5555555555555556,0.11412279800291011,0.2516044727982864,0.5486111111111112,0.6944444444444444,0.4166666666666667,0.65,False
later,AMZN,2018-12,F6,54,0.5037593984962406,0.007261300615130208,0.24809209185139564,0.631578947368421,0.5789473684210527,0.42857142857142855,0.5740740740740741,False
later,AMZN,2019-01,F6,63,0.4421052631578948,-0.12762257587800854,0.2626374936415917,0.39052631578947367,0.6842105263157895,0.2,0.7301587301587301,False
later,AMZN,2019-02,F6,2,0.5,0.0,0.26145143278404165,0.0,1.0,0.0,1.0,True
later,AMZN,2018-11,HISTORY_LR,60,0.45138888888888895,-0.09985744825254635,0.2982910774899782,0.4212962962962963,0.6111111111111112,0.2916666666666667,0.65,False
later,AMZN,2018-12,HISTORY_LR,54,0.49398496240601497,-0.011497766236936196,0.30450685118172033,0.4180451127819549,0.47368421052631576,0.5142857142857142,0.48148148148148145,False
later,AMZN,2019-01,HISTORY_LR,63,0.5421052631578948,0.08642211997978012,0.2510718188331049,0.5263157894736842,0.6842105263157895,0.4,0.6507936507936508,False
later,AMZN,2019-02,HISTORY_LR,2,0.0,-1.0,0.3103335700033153,0.0,0.0,0.0,0.5,False
later,AMZN,2018-11,CHRONOS_LR,60,0.5138888888888888,0.027461751819054483,0.25625711541592694,0.4803240740740741,0.4444444444444444,0.5833333333333334,0.43333333333333335,False
later,AMZN,2018-12,CHRONOS_LR,54,0.30526315789473685,-0.37300953895637856,0.2775731770362441,0.2571428571428572,0.21052631578947367,0.4,0.46296296296296297,False
later,AMZN,2019-01,CHRONOS_LR,63,0.5142105263157895,0.03973597071195131,0.24428045592872388,0.5147368421052632,0.868421052631579,0.16,0.8571428571428571,False
later,AMZN,2019-02,CHRONOS_LR,2,0.0,-1.0,0.2849671781569426,0.0,0.0,0.0,0.5,False
train_forward_oof,AAPL,2018-03,F0,62,0.46875,-0.0625978857295168,0.3136431600178698,0.3885416666666667,0.4375,0.5,0.46774193548387094,False
train_forward_oof,AAPL,2018-04,F0,63,0.4949596774193548,-0.010826670965770146,0.28935095076251915,0.4969758064516129,0.6774193548387096,0.3125,0.6825396825396826,False
train_forward_oof,AAPL,2018-05,F0,66,0.49440820130475305,-0.01114729533239837,0.24884666842086006,0.5237651444547997,0.5405405405405406,0.4482758620689655,0.5454545454545454,False
train_forward_oof,AAPL,2018-06,F0,63,0.4907407407407407,-0.018731716231633878,0.256047995943431,0.4660493827160494,0.3888888888888889,0.5925925925925926,0.3968253968253968,False
train_forward_oof,AAPL,2018-07,F0,60,0.5274725274725275,0.05315774339537505,0.24867832804680787,0.5873015873015873,0.4358974358974359,0.6190476190476191,0.4166666666666667,False
train_forward_oof,AAPL,2018-08,F0,69,0.5098039215686274,0.018475274304048998,0.2367926452764008,0.5599128540305011,0.6862745098039216,0.3333333333333333,0.6811594202898551,False
train_forward_oof,AAPL,2018-03,R1,62,0.42291666666666666,-0.15817166261312793,0.31218205095693174,0.4395833333333333,0.3125,0.5333333333333333,0.3870967741935484,False
train_forward_oof,AAPL,2018-04,R1,63,0.5564516129032258,0.11359236684941297,0.2427480052414925,0.592741935483871,0.6129032258064516,0.5,0.5555555555555556,False
train_forward_oof,AAPL,2018-05,R1,66,0.5671015843429636,0.13376754398878044,0.24930082061036912,0.5582479030754892,0.5135135135135135,0.6206896551724138,0.45454545454545453,False
train_forward_oof,AAPL,2018-06,R1,63,0.4907407407407407,-0.018731716231633878,0.2663216143320161,0.4403292181069959,0.3888888888888889,0.5925925925925926,0.3968253968253968,False
train_forward_oof,AAPL,2018-07,R1,60,0.586080586080586,0.17216117216117216,0.2444661398323707,0.645909645909646,0.41025641025641024,0.7619047619047619,0.35,False
train_forward_oof,AAPL,2018-08,R1,69,0.5081699346405228,0.014806384278366074,0.2338478164075101,0.5773420479302832,0.6274509803921569,0.3888888888888889,0.6231884057971014,False
train_forward_oof,AAPL,2018-03,F1,62,0.5145833333333334,0.029288959306450306,0.28068955092967074,0.5135416666666667,0.5625,0.4666666666666667,0.5483870967741935,False
train_forward_oof,AAPL,2018-04,F1,63,0.544858870967742,0.11815066113959706,0.2603196505174809,0.5413306451612903,0.8709677419354839,0.21875,0.8253968253968254,False
train_forward_oof,AAPL,2018-05,F1,66,0.5251630941286114,0.05016282899579266,0.25556960787737776,0.49860205032618826,0.5675675675675675,0.4827586206896552,0.5454545454545454,False
train_forward_oof,AAPL,2018-06,F1,63,0.41666666666666663,-0.16666666666666666,0.25851391983542843,0.4578189300411522,0.5,0.3333333333333333,0.5714285714285714,False
train_forward_oof,AAPL,2018-07,F1,60,0.554945054945055,0.10482848367219183,0.24052626453701736,0.6581196581196581,0.5384615384615384,0.5714285714285714,0.5,False
train_forward_oof,AAPL,2018-08,F1,69,0.46405228758169936,-0.07067418228235592,0.25954199373470216,0.42919389978213507,0.7058823529411765,0.2222222222222222,0.7246376811594203,False
train_forward_oof,AAPL,2018-03,F2,62,0.4239583333333333,-0.15884586105957427,0.3218236568213799,0.41562499999999997,0.28125,0.5666666666666667,0.3548387096774194,False
train_forward_oof,AAPL,2018-04,F2,63,0.5579637096774194,0.12157344839459235,0.24257106050333105,0.6411290322580645,0.7096774193548387,0.40625,0.6507936507936508,False
train_forward_oof,AAPL,2018-05,F2,66,0.5139794967381175,0.02884636720764711,0.2496898989074392,0.5088536812674744,0.6486486486486487,0.3793103448275862,0.6363636363636364,False
train_forward_oof,AAPL,2018-06,F2,63,0.3935185185185185,-0.21080522784319533,0.2706153606868883,0.3425925925925926,0.4166666666666667,0.37037037037037035,0.5079365079365079,False
train_forward_oof,AAPL,2018-07,F2,60,0.47985347985347987,-0.03863074974250641,0.27387296217055795,0.46153846153846156,0.4358974358974359,0.5238095238095238,0.45,False
train_forward_oof,AAPL,2018-08,F2,69,0.6388888888888888,0.24839788620727343,0.20951725572873084,0.7298474945533769,0.6666666666666666,0.6111111111111112,0.5942028985507246,False
train_forward_oof,AAPL,2018-03,F6,62,0.4666666666666667,-0.06677107811148458,0.27292457158525446,0.4375,0.5,0.43333333333333335,0.532258064516129,False
train_forward_oof,AAPL,2018-04,F6,63,0.5887096774193548,0.18016453109785477,0.24151779895364803,0.6421370967741935,0.6774193548387096,0.5,0.5873015873015873,False
train_forward_oof,AAPL,2018-05,F6,66,0.559645852749301,0.11846652815860344,0.24386612909982594,0.5778191985088537,0.5675675675675675,0.5517241379310345,0.5151515151515151,False
train_forward_oof,AAPL,2018-06,F6,63,0.4444444444444444,-0.11239029738980327,0.25604143747816216,0.43106995884773663,0.5555555555555556,0.3333333333333333,0.6031746031746031,False
train_forward_oof,AAPL,2018-07,F6,60,0.6245421245421245,0.26865930502743096,0.23313221992794514,0.6739926739926739,0.8205128205128205,0.42857142857142855,0.7333333333333333,False
train_forward_oof,AAPL,2018-08,F6,69,0.49836601307189543,-0.0061406343848634335,0.2254047033669033,0.5326797385620915,0.9411764705882353,0.05555555555555555,0.9420289855072463,False
train_forward_oof,AAPL,2018-03,HISTORY_LR,62,0.321875,-0.35625,0.345642066968519,0.328125,0.34375,0.3,0.5161290322580645,False
train_forward_oof,AAPL,2018-04,HISTORY_LR,63,0.5564516129032258,0.11359236684941297,0.3147484023396457,0.5342741935483871,0.6129032258064516,0.5,0.5555555555555556,False
train_forward_oof,AAPL,2018-05,HISTORY_LR,66,0.5521901211556384,0.1048207704966092,0.28596897667976634,0.5657036346691521,0.6216216216216216,0.4827586206896552,0.5757575757575758,False
train_forward_oof,AAPL,2018-06,HISTORY_LR,63,0.5740740740740741,0.15097027121927944,0.28259247848744323,0.5493827160493827,0.4444444444444444,0.7037037037037037,0.38095238095238093,False
train_forward_oof,AAPL,2018-07,HISTORY_LR,60,0.4139194139194139,-0.17216117216117216,0.30178010331966654,0.3931623931623932,0.5897435897435898,0.23809523809523808,0.65,False
train_forward_oof,AAPL,2018-08,HISTORY_LR,69,0.5196078431372549,0.03742405942825599,0.2698868728493153,0.5,0.7058823529411765,0.3333333333333333,0.6956521739130435,False
train_forward_oof,AAPL,2018-03,CHRONOS_LR,62,0.36041666666666666,-0.3651890499269818,0.2630040017382419,0.32916666666666666,0.6875,0.03333333333333333,0.8225806451612904,False
train_forward_oof,AAPL,2018-04,CHRONOS_LR,63,0.4344758064516129,-0.19677103862669615,0.26086617658965844,0.3538306451612903,0.8064516129032258,0.0625,0.873015873015873,False
train_forward_oof,AAPL,2018-05,CHRONOS_LR,66,0.4669151910531221,-0.10665555056346934,0.24793991887549297,0.5768872320596459,0.8648648648648649,0.06896551724137931,0.8939393939393939,False
train_forward_oof,AAPL,2018-06,CHRONOS_LR,63,0.4861111111111111,-0.10998533626601496,0.24986147821965515,0.40843621399176955,0.9722222222222222,0.0,0.9841269841269841,False
train_forward_oof,AAPL,2018-07,CHRONOS_LR,60,0.5,0.0,0.24249659697468567,0.5641025641025641,1.0,0.0,1.0,True
train_forward_oof,AAPL,2018-08,CHRONOS_LR,69,0.5,0.0,0.2281500751686396,0.4912854030501089,1.0,0.0,1.0,True
train_forward_oof,AMZN,2018-03,F0,62,0.408994708994709,-0.2284214675616841,0.3070502798322782,0.40105820105820106,0.7037037037037037,0.11428571428571428,0.8064516129032258,False
train_forward_oof,AMZN,2018-04,F0,63,0.4107142857142857,-0.18430244519362143,0.2780053630602808,0.4642857142857143,0.5357142857142857,0.2857142857142857,0.6349206349206349,False
train_forward_oof,AMZN,2018-05,F0,65,0.5199805068226121,0.03976768394980835,0.25229166937371317,0.5097465886939572,0.4473684210526316,0.5925925925925926,0.4307692307692308,False
train_forward_oof,AMZN,2018-06,F0,63,0.6608695652173913,0.332773375305833,0.23142319162304187,0.683695652173913,0.8,0.5217391304347826,0.6825396825396826,False
train_forward_oof,AMZN,2018-07,F0,60,0.55,0.11547005383792515,0.2479546332750298,0.5855555555555556,0.8,0.3,0.75,False
train_forward_oof,AMZN,2018-08,F0,69,0.6116379310344828,0.23648875780580347,0.2331467913701451,0.6560344827586208,0.775,0.4482758620689655,0.6811594202898551,False
train_forward_oof,AMZN,2018-03,R1,62,0.419047619047619,-0.18744806778279025,0.311749771518395,0.37142857142857144,0.6666666666666666,0.17142857142857143,0.7580645161290323,False
train_forward_oof,AMZN,2018-04,R1,63,0.425,-0.15348515337873012,0.2608866613632526,0.4653061224489796,0.5357142857142857,0.3142857142857143,0.6190476190476191,False
train_forward_oof,AMZN,2018-05,R1,65,0.49610136452241715,-0.007693004760192652,0.2574977696460093,0.4415204678362573,0.47368421052631576,0.5185185185185185,0.47692307692307695,False
train_forward_oof,AMZN,2018-06,R1,63,0.6048913043478261,0.22006970263318495,0.23611675461342904,0.6065217391304348,0.775,0.43478260869565216,0.6984126984126984,False
train_forward_oof,AMZN,2018-07,R1,60,0.5833333333333334,0.19245008972987526,0.24284511675294512,0.6111111111111112,0.8333333333333334,0.3333333333333333,0.75,False
train_forward_oof,AMZN,2018-08,R1,69,0.6336206896551724,0.274433014821148,0.23060211345278409,0.6586206896551725,0.75,0.5172413793103449,0.6376811594202898,False
train_forward_oof,AMZN,2018-03,F1,62,0.42486772486772484,-0.15937962369601547,0.30454245710075767,0.40529100529100526,0.5925925925925926,0.2571428571428571,0.6774193548387096,False
train_forward_oof,AMZN,2018-04,F1,63,0.37857142857142856,-0.2531399269503094,0.27732076661331184,0.34591836734693876,0.21428571428571427,0.5428571428571428,0.3492063492063492,False
train_forward_oof,AMZN,2018-05,F1,65,0.5969785575048733,0.21748750777439183,0.25091009547871423,0.550682261208577,0.34210526315789475,0.8518518518518519,0.26153846153846155,False
train_forward_oof,AMZN,2018-06,F1,63,0.5793478260869566,0.152828062049447,0.26511491380913593,0.5630434782608695,0.55,0.6086956521739131,0.49206349206349204,False
train_forward_oof,AMZN,2018-07,F1,60,0.6166666666666667,0.23995690956687135,0.23771951943560649,0.6433333333333333,0.7333333333333333,0.5,0.6166666666666667,False
train_forward_oof,AMZN,2018-08,F1,69,0.6400862068965517,0.27661828579457937,0.2305148064594193,0.6672413793103448,0.625,0.6551724137931034,0.5072463768115942,False
train_forward_oof,AMZN,2018-03,F2,62,0.382010582010582,-0.2622758125723706,0.34021305830659254,0.3724867724867724,0.5925925925925926,0.17142857142857143,0.7258064516129032,False
train_forward_oof,AMZN,2018-04,F2,63,0.39642857142857146,-0.205886164914561,0.2897315377159766,0.36530612244897964,0.39285714285714285,0.4,0.5079365079365079,False
train_forward_oof,AMZN,2018-05,F2,65,0.4220272904483431,-0.15415288347095465,0.29092588801302666,0.31384015594541914,0.47368421052631576,0.37037037037037035,0.5384615384615384,False
train_forward_oof,AMZN,2018-06,F2,63,0.4989130434782609,-0.002195496824144787,0.24424332010338076,0.5760869565217391,0.65,0.34782608695652173,0.6507936507936508,False
train_forward_oof,AMZN,2018-07,F2,60,0.55,0.11095900821829636,0.25747557275356026,0.5677777777777778,0.7666666666666667,0.3333333333333333,0.7166666666666667,False
train_forward_oof,AMZN,2018-08,F2,69,0.6336206896551724,0.274433014821148,0.23045955049466182,0.6482758620689655,0.75,0.5172413793103449,0.6376811594202898,False
train_forward_oof,AMZN,2018-03,F6,62,0.4275132275132275,-0.1881582357433006,0.2940422025560994,0.4264550264550265,0.7407407407407407,0.11428571428571428,0.8225806451612904,False
train_forward_oof,AMZN,2018-04,F6,63,0.5428571428571429,0.09035079029052512,0.2620472327555471,0.4938775510204082,0.7142857142857143,0.37142857142857144,0.6666666666666666,False
train_forward_oof,AMZN,2018-05,F6,65,0.5804093567251463,0.158970161079422,0.24780277137992274,0.5292397660818713,0.6052631578947368,0.5555555555555556,0.5384615384615384,False
train_forward_oof,AMZN,2018-06,F6,63,0.6451086956521739,0.28772620881222866,0.23505322245116603,0.6608695652173913,0.725,0.5652173913043478,0.6190476190476191,False
train_forward_oof,AMZN,2018-07,F6,60,0.55,0.11547005383792515,0.24469947592019328,0.6033333333333333,0.8,0.3,0.75,False
train_forward_oof,AMZN,2018-08,F6,69,0.6193965517241379,0.2638693649181101,0.23104658625171715,0.6586206896551724,0.825,0.41379310344827586,0.7246376811594203,False
train_forward_oof,AMZN,2018-03,HISTORY_LR,62,0.5105820105820106,0.021265527843082024,0.3125693092047609,0.4825396825396825,0.5925925925925926,0.42857142857142855,0.5806451612903226,False
train_forward_oof,AMZN,2018-04,HISTORY_LR,63,0.5107142857142857,0.021320071635561044,0.28855035125768286,0.5408163265306122,0.5357142857142857,0.4857142857142857,0.5238095238095238,False
train_forward_oof,AMZN,2018-05,HISTORY_LR,65,0.5696881091617934,0.14019850403200998,0.2496083439597623,0.6296296296296297,0.6578947368421053,0.48148148148148145,0.6,False
train_forward_oof,AMZN,2018-06,HISTORY_LR,63,0.5021739130434782,0.004561030106387253,0.25782882726612594,0.4543478260869565,0.7,0.30434782608695654,0.6984126984126984,False
train_forward_oof,AMZN,2018-07,HISTORY_LR,60,0.4666666666666667,-0.07071067811865475,0.2627667865193784,0.5,0.6333333333333333,0.3,0.6666666666666666,False
train_forward_oof,AMZN,2018-08,HISTORY_LR,69,0.4456896551724138,-0.11652289992484975,0.2813596887007125,0.4181034482758621,0.65,0.2413793103448276,0.6956521739130435,False
train_forward_oof,AMZN,2018-03,CHRONOS_LR,62,0.46296296296296297,-0.20786985482077452,0.2652237125819924,0.5216931216931217,0.9259259259259259,0.0,0.967741935483871,False
train_forward_oof,AMZN,2018-04,CHRONOS_LR,63,0.5678571428571428,0.13784048752090222,0.2728663921716046,0.5642857142857143,0.6785714285714286,0.45714285714285713,0.6031746031746031,False
train_forward_oof,AMZN,2018-05,CHRONOS_LR,65,0.4678362573099415,-0.08170369493395752,0.2538415933005085,0.4230019493177388,0.15789473684210525,0.7777777777777778,0.18461538461538463,False
train_forward_oof,AMZN,2018-06,CHRONOS_LR,63,0.5896739130434783,0.21989447597122544,0.23733582097483533,0.5967391304347827,0.875,0.30434782608695654,0.8095238095238095,False
train_forward_oof,AMZN,2018-07,CHRONOS_LR,60,0.5166666666666667,0.0519174131651165,0.25776374093664073,0.5577777777777777,0.9,0.13333333333333333,0.8833333333333333,False
train_forward_oof,AMZN,2018-08,CHRONOS_LR,69,0.5142241379310345,0.049835525870126546,0.2404545149544208,0.631896551724138,0.925,0.10344827586206896,0.9130434782608695,False
