symbol,month,phase,method,n,BA,MCC,Brier,AUC,up_recall,down_recall,pred_up,constant,changed_direction_count,repaired_A0_errors,introduced_errors
AAPL,2018-03,train_forward_oof,A0,62,0.42291666666666666,-0.15817166261312793,0.3121820509569317,0.4395833333333333,0.3125,0.5333333333333333,0.3870967741935484,False,0,0,0
AAPL,2018-03,train_forward_oof,A1,62,0.43854166666666666,-0.12522052619351262,0.314204666094857,0.42708333333333337,0.34375,0.5333333333333333,0.4032258064516129,False,1,1,0
AAPL,2018-03,train_forward_oof,A1_matchedC,62,0.43854166666666666,-0.12522052619351262,0.314204666094857,0.42708333333333337,0.34375,0.5333333333333333,0.4032258064516129,False,1,1,0
AAPL,2018-04,train_forward_oof,A0,63,0.5564516129032258,0.11359236684941297,0.2427480052414925,0.592741935483871,0.6129032258064516,0.5,0.5555555555555556,False,0,0,0
AAPL,2018-04,train_forward_oof,A1,63,0.5564516129032258,0.11359236684941297,0.24268947876851102,0.595766129032258,0.6129032258064516,0.5,0.5555555555555556,False,0,0,0
AAPL,2018-04,train_forward_oof,A1_matchedC,63,0.5564516129032258,0.11359236684941297,0.24268947876851102,0.595766129032258,0.6129032258064516,0.5,0.5555555555555556,False,0,0,0
AAPL,2018-05,train_forward_oof,A0,66,0.5671015843429636,0.13376754398878044,0.24930082061036912,0.5582479030754892,0.5135135135135135,0.6206896551724138,0.45454545454545453,False,0,0,0
AAPL,2018-05,train_forward_oof,A1,66,0.597856477166822,0.1950776683169715,0.2509974526539205,0.5563839701770736,0.5405405405405406,0.6551724137931034,0.45454545454545453,False,2,2,0
AAPL,2018-05,train_forward_oof,A1_matchedC,66,0.597856477166822,0.1950776683169715,0.2509974526539205,0.5563839701770736,0.5405405405405406,0.6551724137931034,0.45454545454545453,False,2,2,0
AAPL,2018-06,train_forward_oof,A0,63,0.4907407407407407,-0.018731716231633878,0.2663216143320161,0.4403292181069959,0.3888888888888889,0.5925925925925926,0.3968253968253968,False,0,0,0
AAPL,2018-06,train_forward_oof,A1,63,0.47685185185185186,-0.047178209756024825,0.26547675287088573,0.43724279835390945,0.3611111111111111,0.5925925925925926,0.38095238095238093,False,1,0,1
AAPL,2018-06,train_forward_oof,A1_matchedC,63,0.47685185185185186,-0.047178209756024825,0.26547675287088573,0.43724279835390945,0.3611111111111111,0.5925925925925926,0.38095238095238093,False,1,0,1
AAPL,2018-07,train_forward_oof,A0,60,0.586080586080586,0.17216117216117216,0.24446613983237067,0.645909645909646,0.41025641025641024,0.7619047619047619,0.35,False,0,0,0
AAPL,2018-07,train_forward_oof,A1,60,0.5989010989010989,0.1957807216292501,0.2451993917471168,0.6288156288156288,0.4358974358974359,0.7619047619047619,0.36666666666666664,False,1,1,0
AAPL,2018-07,train_forward_oof,A1_matchedC,60,0.5989010989010989,0.1957807216292501,0.2451993917471168,0.6288156288156288,0.4358974358974359,0.7619047619047619,0.36666666666666664,False,1,1,0
AAPL,2018-08,train_forward_oof,A0,69,0.5081699346405228,0.014806384278366074,0.2338478164075101,0.5773420479302832,0.6274509803921569,0.3888888888888889,0.6231884057971014,False,0,0,0
AAPL,2018-08,train_forward_oof,A1,69,0.5163398692810457,0.029071732876935347,0.2368708672229211,0.5664488017429194,0.5882352941176471,0.4444444444444444,0.5797101449275363,False,3,1,2
AAPL,2018-08,train_forward_oof,A1_matchedC,69,0.5163398692810457,0.029071732876935347,0.2368708672229211,0.5664488017429194,0.5882352941176471,0.4444444444444444,0.5797101449275363,False,3,1,2
AAPL,2018-09,development,A0,57,0.6188423645320198,0.2831921951995806,0.23687878867299852,0.6748768472906405,0.8928571428571429,0.3448275862068966,0.7719298245614035,False,0,0,0
AAPL,2018-09,development,A1,57,0.6360837438423645,0.3160938261667561,0.23638069680693227,0.6773399014778325,0.8928571428571429,0.3793103448275862,0.7543859649122807,False,1,1,0
AAPL,2018-09,development,A1_matchedC,57,0.6360837438423645,0.3160938261667561,0.23638069680693227,0.6773399014778325,0.8928571428571429,0.3793103448275862,0.7543859649122807,False,1,1,0
AAPL,2018-10,development,A0,69,0.5153846153846154,0.03698001308168194,0.25008536424052286,0.6205128205128204,0.8,0.23076923076923078,0.782608695652174,False,0,0,0
AAPL,2018-10,development,A1,69,0.5153846153846154,0.03698001308168194,0.24988545369411477,0.6205128205128204,0.8,0.23076923076923078,0.782608695652174,False,0,0,0
AAPL,2018-10,development,A1_matchedC,69,0.5153846153846154,0.03698001308168194,0.24988545369411477,0.6205128205128204,0.8,0.23076923076923078,0.782608695652174,False,0,0,0
AAPL,2018-11,later,A0,60,0.5261401557285873,0.05797747850973157,0.25403661854843856,0.5305895439377085,0.7419354838709677,0.3103448275862069,0.7166666666666667,False,0,0,0
AAPL,2018-11,later,A1,60,0.5433815350389322,0.09461366352432367,0.2539181694939699,0.5228031145717463,0.7419354838709677,0.3448275862068966,0.7,False,1,1,0
AAPL,2018-11,later,A1_matchedC,60,0.5433815350389322,0.09461366352432367,0.2539181694939699,0.5228031145717463,0.7419354838709677,0.3448275862068966,0.7,False,1,1,0
AAPL,2018-12,later,A0,53,0.6385448916408669,0.2949846002743204,0.25395936945559855,0.6114551083591332,0.8947368421052632,0.38235294117647056,0.7169811320754716,False,0,0,0
AAPL,2018-12,later,A1,53,0.6385448916408669,0.2949846002743204,0.25296703155267714,0.6176470588235293,0.8947368421052632,0.38235294117647056,0.7169811320754716,False,0,0,0
AAPL,2018-12,later,A1_matchedC,53,0.6385448916408669,0.2949846002743204,0.25296703155267714,0.6176470588235293,0.8947368421052632,0.38235294117647056,0.7169811320754716,False,0,0,0
AAPL,2019-01,later,A0,63,0.485966735966736,-0.030586777135731963,0.25486671639997927,0.46569646569646567,0.7027027027027027,0.2692307692307692,0.7142857142857143,False,0,0,0
AAPL,2019-01,later,A1,63,0.485966735966736,-0.030586777135731963,0.2552652451419299,0.46257796257796263,0.7027027027027027,0.2692307692307692,0.7142857142857143,False,0,0,0
AAPL,2019-01,later,A1_matchedC,63,0.485966735966736,-0.030586777135731963,0.2552652451419299,0.46257796257796263,0.7027027027027027,0.2692307692307692,0.7142857142857143,False,0,0,0
AAPL,2019-02,later,A0,2,0.0,0.0,0.3846307444858184,,,0.0,1.0,True,0,0,0
AAPL,2019-02,later,A1,2,0.0,0.0,0.3843061514884043,,,0.0,1.0,True,0,0,0
AAPL,2019-02,later,A1_matchedC,2,0.0,0.0,0.3843061514884043,,,0.0,1.0,True,0,0,0
AMZN,2018-03,train_forward_oof,A0,62,0.419047619047619,-0.18744806778279025,0.311749771518395,0.37142857142857144,0.6666666666666666,0.17142857142857143,0.7580645161290323,False,0,0,0
AMZN,2018-03,train_forward_oof,A1,62,0.3878306878306878,-0.2324762655524517,0.3026290690194918,0.3671957671957672,0.5185185185185185,0.2571428571428571,0.6451612903225806,False,9,4,5
AMZN,2018-03,train_forward_oof,A1_matchedC,62,0.3878306878306878,-0.2324762655524517,0.3026290690194918,0.3671957671957672,0.5185185185185185,0.2571428571428571,0.6451612903225806,False,9,4,5
AMZN,2018-04,train_forward_oof,A0,63,0.425,-0.15348515337873012,0.2608866613632526,0.4653061224489796,0.5357142857142857,0.3142857142857143,0.6190476190476191,False,0,0,0
AMZN,2018-04,train_forward_oof,A1,63,0.49642857142857144,-0.007121091148698563,0.2599540987376133,0.49387755102040815,0.5357142857142857,0.45714285714285713,0.5396825396825397,False,5,5,0
AMZN,2018-04,train_forward_oof,A1_matchedC,63,0.49642857142857144,-0.007121091148698563,0.2599540987376133,0.49387755102040815,0.5357142857142857,0.45714285714285713,0.5396825396825397,False,5,5,0
AMZN,2018-05,train_forward_oof,A0,65,0.49610136452241715,-0.007693004760192652,0.25749776964600923,0.4415204678362573,0.47368421052631576,0.5185185185185185,0.47692307692307695,False,0,0,0
AMZN,2018-05,train_forward_oof,A1,65,0.4439571150097466,-0.13109723387754746,0.25512429245712986,0.4785575048732943,0.18421052631578946,0.7037037037037037,0.23076923076923078,False,20,7,13
AMZN,2018-05,train_forward_oof,A1_matchedC,65,0.43567251461988304,-0.13137196671500342,0.2739854904050079,0.3976608187134503,0.3157894736842105,0.5555555555555556,0.36923076923076925,False,13,4,9
AMZN,2018-06,train_forward_oof,A0,63,0.6048913043478261,0.22006970263318495,0.23611675461342904,0.6065217391304348,0.775,0.43478260869565216,0.6984126984126984,False,0,0,0
AMZN,2018-06,train_forward_oof,A1,63,0.5266304347826087,0.051604684654214,0.24843187404035094,0.532608695652174,0.575,0.4782608695652174,0.5555555555555556,False,15,4,11
AMZN,2018-06,train_forward_oof,A1_matchedC,63,0.6358695652173914,0.27443710301809837,0.23878785327323268,0.6010869565217392,0.75,0.5217391304347826,0.6507936507936508,False,9,5,4
AMZN,2018-07,train_forward_oof,A0,60,0.5833333333333334,0.19245008972987526,0.24284511675294512,0.6111111111111112,0.8333333333333334,0.3333333333333333,0.75,False,0,0,0
AMZN,2018-07,train_forward_oof,A1,60,0.55,0.11547005383792515,0.24334596864308303,0.5866666666666667,0.8,0.3,0.75,False,2,0,2
AMZN,2018-07,train_forward_oof,A1_matchedC,60,0.55,0.11547005383792515,0.24334596864308303,0.5866666666666667,0.8,0.3,0.75,False,2,0,2
AMZN,2018-08,train_forward_oof,A0,69,0.6336206896551724,0.274433014821148,0.23060211345278409,0.6586206896551725,0.75,0.5172413793103449,0.6376811594202898,False,0,0,0
AMZN,2018-08,train_forward_oof,A1,69,0.6353448275862069,0.26793213346925515,0.22987477391672526,0.6663793103448276,0.65,0.6206896551724138,0.5362318840579711,False,7,3,4
AMZN,2018-08,train_forward_oof,A1_matchedC,69,0.6383620689655172,0.2798784825060619,0.23265724905396462,0.6543103448275862,0.725,0.5517241379310345,0.6086956521739131,False,2,1,1
AMZN,2018-09,development,A0,57,0.47598522167487683,-0.04977665340318334,0.26348832319443444,0.5197044334975369,0.6071428571428571,0.3448275862068966,0.631578947368421,False,0,0,0
AMZN,2018-09,development,A1,57,0.5455665024630543,0.09286462911590067,0.2896164522073484,0.48645320197044334,0.6428571428571429,0.4482758620689655,0.5964912280701754,False,4,4,0
AMZN,2018-09,development,A1_matchedC,57,0.5289408866995073,0.06063229170140654,0.26318595749598833,0.5307881773399015,0.6785714285714286,0.3793103448275862,0.6491228070175439,False,3,3,0
AMZN,2018-10,development,A0,69,0.5416666666666666,0.07856742013183861,0.2788264595358372,0.6041666666666666,0.6666666666666666,0.4166666666666667,0.6086956521739131,False,0,0,0
AMZN,2018-10,development,A1,69,0.5625,0.11652289992484975,0.28608331563932277,0.6200396825396826,0.6666666666666666,0.4583333333333333,0.5797101449275363,False,2,2,0
AMZN,2018-10,development,A1_matchedC,69,0.5416666666666666,0.07856742013183861,0.27234591757598114,0.6180555555555555,0.6666666666666666,0.4166666666666667,0.6086956521739131,False,0,0,0
AMZN,2018-11,later,A0,60,0.5277777777777778,0.055978284637523995,0.2844212127969923,0.5173611111111112,0.6388888888888888,0.4166666666666667,0.6166666666666667,False,0,0,0
AMZN,2018-11,later,A1,60,0.5416666666666667,0.08206099398622183,0.3082105450971263,0.5231481481481481,0.5833333333333334,0.5,0.55,False,4,2,2
AMZN,2018-11,later,A1_matchedC,60,0.5347222222222222,0.06900655593423542,0.2889977019637471,0.5173611111111112,0.6111111111111112,0.4583333333333333,0.5833333333333334,False,2,1,1
AMZN,2018-12,later,A0,54,0.5323308270676692,0.061928224614379454,0.2584394215807982,0.6225563909774435,0.5789473684210527,0.4857142857142857,0.5370370370370371,False,0,0,0
AMZN,2018-12,later,A1,54,0.5609022556390977,0.1163350101494222,0.25284698125870386,0.6421052631578947,0.5789473684210527,0.5428571428571428,0.5,False,2,2,0
AMZN,2018-12,later,A1_matchedC,54,0.5323308270676692,0.061928224614379454,0.25307733599706705,0.6270676691729323,0.5789473684210527,0.4857142857142857,0.5370370370370371,False,0,0,0
AMZN,2019-01,later,A0,63,0.44263157894736843,-0.11775013847245042,0.272779513025182,0.3821052631578947,0.6052631578947368,0.28,0.6507936507936508,False,0,0,0
AMZN,2019-01,later,A1,63,0.43,-0.13784048752090222,0.28893364811294026,0.4368421052631579,0.5,0.36,0.5555555555555556,False,8,3,5
AMZN,2019-01,later,A1_matchedC,63,0.42315789473684207,-0.15272267317972885,0.2727863465340428,0.41578947368421054,0.5263157894736842,0.32,0.5873015873015873,False,4,1,3
AMZN,2019-02,later,A0,2,0.5,0.0,0.26145143278404165,0.0,1.0,0.0,1.0,True,0,0,0
AMZN,2019-02,later,A1,2,0.5,0.0,0.20709459826169233,1.0,1.0,0.0,1.0,True,0,0,0
AMZN,2019-02,later,A1_matchedC,2,0.5,0.0,0.23987938241034235,1.0,1.0,0.0,1.0,True,0,0,0
