symbol,seed,method,n,BA,Brier,MCC,accuracy,predicted_up,constant,log_loss,TPR,TNR
AAPL,573,PAPER,803,0.6673569465267366,0.2309296378962702,0.3373992397252048,0.6724782067247821,0.5753424657534246,False,0.7381507389582882,0.728735632183908,0.6059782608695652
AAPL,573,PRICE,803,0.5504091704147926,0.2478817037373582,0.10458042496729086,0.5616438356164384,0.638854296388543,False,0.6905573684980307,0.6850574712643678,0.4157608695652174
AAPL,573,FULL,803,0.684495252373813,0.21863635061314832,0.3725424956922409,0.6899128268991283,0.5803237858032378,False,0.6818298332917395,0.7494252873563219,0.6195652173913043
AAPL,573,TFIDF_LR,803,0.6611819090454774,0.22002030050347993,0.3399925041046849,0.6737235367372354,0.663760896637609,False,0.6318997967079112,0.8114942528735632,0.5108695652173914
AAPL,573,TFIDF_SVM,803,0.710098075962019,0.20429517264993768,0.42553282679700855,0.7160647571606475,0.589041095890411,False,0.5986770672569919,0.7816091954022989,0.6385869565217391
AAPL,573,TFIDF_RF,803,0.5961706646676661,0.23324792415380813,0.22159884740846514,0.6164383561643836,0.75093399750934,False,0.6591776704545547,0.8390804597701149,0.3532608695652174
AAPL,573,TFIDF_LR_PRICE_FALLBACK,803,0.6613911794102949,0.21995647881892338,0.33981818523378504,0.6737235367372354,0.6612702366127023,False,0.6317690151923622,0.8091954022988506,0.5135869565217391
AAPL,573,TFIDF_SVM_PRICE_FALLBACK,803,0.7103073463268366,0.20402642750856334,0.4255724264388147,0.7160647571606475,0.5865504358655044,False,0.5981108708287157,0.7793103448275862,0.6413043478260869
AAPL,573,TFIDF_RF_PRICE_FALLBACK,803,0.5963799350324838,0.2331951477670632,0.22134628736690098,0.6164383561643836,0.7484433374844334,False,0.6590705601285944,0.8367816091954023,0.35597826086956524
AAPL,573,A1,803,0.6267959770114943,0.22804213449648283,0.2756940090842282,0.6425902864259029,0.6998754669987547,False,0.648289474893914,0.8160919540229885,0.4375
AAPL,573,A2,803,0.6000406046976512,0.23293137429456348,0.22198297290400754,0.6176836861768369,0.7198007471980075,False,0.658258510367781,0.8114942528735632,0.38858695652173914
AAPL,573,A3,803,0.6520927036481758,0.22107102629105232,0.3153010656817253,0.6625155666251556,0.6376089663760897,False,0.6335333877528712,0.7770114942528735,0.5271739130434783
AAPL,573,B1,803,0.6899300349825088,0.21757894043912515,0.3829076159312117,0.6948941469489415,0.5753424657534246,False,0.669166438560025,0.7494252873563219,0.6304347826086957
AAPL,573,B2,803,0.6614005497251374,0.22646568649166798,0.32502590709188595,0.6662515566625156,0.5716064757160647,False,0.6997017410853569,0.7195402298850575,0.6032608695652174
AAPL,573,FULL_SHRINK,803,0.684495252373813,0.21005584110255063,0.3725424956922409,0.6899128268991283,0.5803237858032378,False,0.6108016981908421,0.7494252873563219,0.6195652173913043
AAPL,573,TITLE_FINBERT_FUSION,803,0.6859570214892554,0.2144601156251277,0.3771670649435296,0.6924034869240349,0.5927770859277709,False,0.6561803200513248,0.7632183908045977,0.6086956521739131
AAPL,573,TITLE_MODERN_FUSION,803,0.684495252373813,0.21448499061409174,0.3725424956922409,0.6899128268991283,0.5803237858032378,False,0.6542484630252593,0.7494252873563219,0.6195652173913043
AAPL,573,PARAGRAPH_FINBERT_FUSION,803,0.6749843828085957,0.2160093028603217,0.3544135219750065,0.6811955168119551,0.589041095890411,False,0.655338429370671,0.7494252873563219,0.6005434782608695
AAPL,573,PARAGRAPH_MODERN_FUSION,803,0.6838674412793604,0.21269123247084587,0.372235997443037,0.6899128268991283,0.5877957658779577,False,0.6386182898182275,0.7563218390804598,0.6114130434782609
AAPL,574,PAPER,803,0.6660013743128436,0.22619413103197022,0.3322976462568404,0.6687422166874222,0.5466998754669987,False,0.6993795957086643,0.6988505747126437,0.6331521739130435
AAPL,574,PRICE,803,0.5640960769615192,0.24624599942631864,0.13583632011124291,0.5778331257783312,0.6699875466998755,False,0.6886030048471043,0.728735632183908,0.39945652173913043
AAPL,574,FULL,803,0.661922163918041,0.22517902151595204,0.3269617308725784,0.6674968866749689,0.5803237858032378,False,0.7151018132951785,0.728735632183908,0.595108695652174
AAPL,574,TFIDF_LR,803,0.637143928035982,0.22234202428507796,0.29326583539270207,0.651307596513076,0.6811955168119551,False,0.6366207864489448,0.8068965517241379,0.4673913043478261
AAPL,574,TFIDF_SVM,803,0.6749843828085957,0.2068154946540719,0.3544135219750065,0.6811955168119551,0.589041095890411,False,0.6028767861000839,0.7494252873563219,0.6005434782608695
AAPL,574,TFIDF_RF,803,0.5930347326336831,0.23460357492829095,0.2165878728720686,0.613947696139477,0.7584059775840598,False,0.6619174074061235,0.8436781609195402,0.3423913043478261
AAPL,574,TFIDF_LR_PRICE_FALLBACK,803,0.6359945027486257,0.22235343629886162,0.2905072691358641,0.6500622665006227,0.6799501867995019,False,0.6366151203592004,0.8045977011494253,0.4673913043478261
AAPL,574,TFIDF_SVM_PRICE_FALLBACK,803,0.6738349575212393,0.20671421415220412,0.35192543254611625,0.6799501867995019,0.5877957658779577,False,0.6026424170340828,0.7471264367816092,0.6005434782608695
AAPL,574,TFIDF_RF_PRICE_FALLBACK,803,0.5941841579210395,0.234485812402703,0.2196508158330755,0.6151930261519303,0.7596513075965131,False,0.6616510938741761,0.8459770114942529,0.3423913043478261
AAPL,574,A1,803,0.6141522988505748,0.2308928096701498,0.24513601713834784,0.6288916562889165,0.6861768368617683,False,0.6541109714737986,0.7908045977011494,0.4375
AAPL,574,A2,803,0.5727636181909046,0.236876907205265,0.16351849964192222,0.5915317559153176,0.7310087173100872,False,0.6662680359549482,0.7977011494252874,0.34782608695652173
AAPL,574,A3,803,0.6241910294852573,0.22367573904869487,0.25582568212302037,0.6338729763387297,0.6264009962640099,False,0.6383751954909015,0.7402298850574712,0.5081521739130435
AAPL,574,B1,803,0.6636994002998501,0.227308692758524,0.32989984095042485,0.6687422166874222,0.5740971357409713,False,0.7295620719530762,0.7241379310344828,0.6032608695652174
AAPL,574,B2,803,0.6549225387306348,0.22893334751645722,0.3109484076535167,0.6587795765877957,0.5591531755915318,False,0.7091140717441903,0.7011494252873564,0.6086956521739131
AAPL,574,FULL_SHRINK,803,0.661922163918041,0.21428591791695245,0.3269617308725784,0.6674968866749689,0.5803237858032378,False,0.6194807311409799,0.728735632183908,0.595108695652174
AAPL,574,TITLE_FINBERT_FUSION,803,0.6685063718140929,0.2184572075807961,0.3398481476681774,0.6737235367372354,0.5765877957658779,False,0.6534961554420391,0.7310344827586207,0.6059782608695652
AAPL,574,TITLE_MODERN_FUSION,803,0.6685063718140929,0.2196949108859515,0.3398481476681774,0.6737235367372354,0.5765877957658779,False,0.6709472314396259,0.7310344827586207,0.6059782608695652
AAPL,574,PARAGRAPH_FINBERT_FUSION,803,0.6592047726136931,0.2193669135693824,0.32174313281223665,0.6650062266500623,0.5828144458281445,False,0.6607829149889257,0.728735632183908,0.5896739130434783
AAPL,574,PARAGRAPH_MODERN_FUSION,803,0.6642210144927536,0.2204141118854791,0.33188065162286334,0.6699875466998755,0.5828144458281445,False,0.6846458071275484,0.7333333333333333,0.595108695652174
AAPL,575,PAPER,803,0.6841829085457272,0.224579295607094,0.3706395082122305,0.688667496886675,0.5691158156911582,False,0.7123798981284455,0.7379310344827587,0.6304347826086957
AAPL,575,PRICE,803,0.5605478510744628,0.2462306541816014,0.12447752686370779,0.5703611457036114,0.6226650062266501,False,0.6865527276644694,0.6781609195402298,0.4429347826086957
AAPL,575,FULL,803,0.6806284357821089,0.22461935835913516,0.364885474804984,0.6861768368617683,0.5815691158156912,False,0.7118528874389034,0.7471264367816092,0.6141304347826086
AAPL,575,TFIDF_LR,803,0.6497907296351824,0.22074576012372848,0.31625449080996626,0.6625155666251556,0.6650062266500623,False,0.6333184898723816,0.8022988505747126,0.49728260869565216
AAPL,575,TFIDF_SVM,803,0.6997532483758121,0.2057969787650536,0.40302644579203484,0.7048567870485679,0.5778331257783312,False,0.6010825561623138,0.7609195402298851,0.6385869565217391
AAPL,575,TFIDF_RF,803,0.6066216891554223,0.23165333033747657,0.24407067213210218,0.6264009962640099,0.7459526774595268,False,0.6558510629661154,0.8436781609195402,0.3695652173913043
AAPL,575,TFIDF_LR_PRICE_FALLBACK,803,0.65,0.22068323230227455,0.3161180766804208,0.6625155666251556,0.6625155666251556,False,0.6331810822549782,0.8,0.5
AAPL,575,TFIDF_SVM_PRICE_FALLBACK,803,0.7022613693153423,0.2054041163554117,0.4080868844887497,0.7073474470734745,0.5778331257783312,False,0.6002572031152776,0.7632183908045977,0.6413043478260869
AAPL,575,TFIDF_RF_PRICE_FALLBACK,803,0.6068309595202399,0.23153360662257438,0.2437669855515253,0.6264009962640099,0.7434620174346201,False,0.6555984821561113,0.8413793103448276,0.37228260869565216
AAPL,575,A1,803,0.6104947526236881,0.22851961283983954,0.2370274160483181,0.6251556662515566,0.684931506849315,False,0.6491765907630819,0.7862068965517242,0.43478260869565216
AAPL,575,A2,803,0.6033858070964517,0.23387268045348691,0.22700951854562465,0.6201743462017435,0.709838107098381,False,0.660129000462583,0.8045977011494253,0.40217391304347827
AAPL,575,A3,803,0.6221014492753623,0.22153030776970084,0.2508605023819348,0.6313823163138231,0.6214196762141968,False,0.6337424277364148,0.7333333333333333,0.5108695652173914
AAPL,575,B1,803,0.6739411544227887,0.2267135661767405,0.35027998103572466,0.6787048567870486,0.5716064757160647,False,0.7161878769016635,0.7310344827586207,0.6168478260869565
AAPL,575,B2,803,0.6630747126436782,0.2333947748074032,0.32676237344184356,0.6662515566625156,0.5516811955168119,False,0.7535316390453747,0.7011494252873564,0.625
AAPL,575,FULL_SHRINK,803,0.6806284357821089,0.2155617319643675,0.364885474804984,0.6861768368617683,0.5815691158156912,False,0.6226857945965615,0.7471264367816092,0.6141304347826086
AAPL,575,TITLE_FINBERT_FUSION,803,0.6615036231884057,0.22263320459976826,0.3266703798633966,0.6674968866749689,0.5853051058530511,False,0.6762253667769446,0.7333333333333333,0.5896739130434783
AAPL,575,TITLE_MODERN_FUSION,803,0.6751936531734133,0.21524321040570782,0.35451727854442344,0.6811955168119551,0.5865504358655044,False,0.6300953524514046,0.7471264367816092,0.6032608695652174
AAPL,575,PARAGRAPH_FINBERT_FUSION,803,0.6815685907046476,0.2188803238458338,0.36725541709708753,0.6874221668742216,0.5853051058530511,False,0.6631102441149409,0.7517241379310344,0.6114130434782609
AAPL,575,PARAGRAPH_MODERN_FUSION,803,0.6772832333833083,0.22158636551850744,0.35940363961636373,0.6836861768368617,0.5915317559153176,False,0.6762156930120878,0.7540229885057471,0.6005434782608695
AMZN,573,PAPER,804,0.5957697264076129,0.2482724454442373,0.2126277459751698,0.6032338308457711,0.7176616915422885,False,0.7226744724121286,0.8100961538461539,0.38144329896907214
AMZN,573,PRICE,804,0.5302835051546392,0.2533903070634105,0.06167216968605176,0.5335820895522388,0.595771144278607,False,0.7013555701183903,0.625,0.43556701030927836
AMZN,573,FULL,804,0.6118903647898493,0.25076918341484516,0.2244023506825673,0.6131840796019901,0.5410447761194029,False,0.7589000065375444,0.6490384615384616,0.5747422680412371
AMZN,573,TFIDF_LR,804,0.5944810666137985,0.2364942270588645,0.21004830071238223,0.6019900497512438,0.7189054726368159,False,0.6657063340452566,0.8100961538461539,0.3788659793814433
AMZN,573,TFIDF_SVM,804,0.6021262886597938,0.23396583741062527,0.22584485911096522,0.6094527363184079,0.7139303482587065,False,0.660408784583401,0.8125,0.3917525773195876
AMZN,573,TFIDF_RF,804,0.5773071966693101,0.24210482712496925,0.17051808316995792,0.5845771144278606,0.7114427860696517,False,0.677179002283949,0.7860576923076923,0.36855670103092786
AMZN,573,TFIDF_LR_PRICE_FALLBACK,804,0.6081978588421888,0.23375370849713253,0.2169529018809711,0.6094527363184079,0.5398009950248757,False,0.6598276786548065,0.6442307692307693,0.5721649484536082
AMZN,573,TFIDF_SVM_PRICE_FALLBACK,804,0.6158430808881841,0.23115288542139878,0.2321093279428392,0.6169154228855721,0.5348258706467661,False,0.6543825612067349,0.6466346153846154,0.5850515463917526
AMZN,573,TFIDF_RF_PRICE_FALLBACK,804,0.5910239888977002,0.23944207404251275,0.18231927293045663,0.5920398009950248,0.5323383084577115,False,0.6714539548525931,0.6201923076923077,0.5618556701030928
AMZN,573,A1,804,0.6133524980174465,0.23583098220902632,0.22711906428720643,0.6144278606965174,0.5348258706467661,False,0.6640183548107371,0.6442307692307693,0.5824742268041238
AMZN,573,A2,804,0.602361716891356,0.23772427036095112,0.204934943034122,0.6032338308457711,0.5286069651741293,False,0.667836947406839,0.6274038461538461,0.5773195876288659
AMZN,573,A3,804,0.6186806106264868,0.23170364048020367,0.237511361384993,0.6194029850746269,0.5248756218905473,False,0.655287831623079,0.6394230769230769,0.5979381443298969
AMZN,573,B1,804,0.6020147700237906,0.2526555547408802,0.2045147688423618,0.6032338308457711,0.5385572139303483,False,0.762726752140857,0.6370192307692307,0.5670103092783505
AMZN,573,B2,804,0.6180734536082475,0.25257789060220875,0.23685231625729025,0.6194029850746269,0.5422885572139303,False,0.8072145457767792,0.65625,0.5798969072164949
AMZN,573,FULL_SHRINK,804,0.6118903647898493,0.23592423021229209,0.2244023506825673,0.6131840796019901,0.5410447761194029,False,0.6644394021372737,0.6490384615384616,0.5747422680412371
AMZN,573,TITLE_FINBERT_FUSION,804,0.6133524980174465,0.24257546010742004,0.22711906428720643,0.6144278606965174,0.5348258706467661,False,0.7040414628561279,0.6442307692307693,0.5824742268041238
AMZN,573,TITLE_MODERN_FUSION,804,0.6093997819191118,0.24032976290853736,0.21940734819229088,0.6106965174129353,0.5410447761194029,False,0.6909550411391369,0.6466346153846154,0.5721649484536082
AMZN,573,PARAGRAPH_FINBERT_FUSION,804,0.6071694091990483,0.241023092116022,0.2146935911143654,0.6082089552238806,0.5335820895522388,False,0.6867250664882243,0.6370192307692307,0.5773195876288659
AMZN,573,PARAGRAPH_MODERN_FUSION,804,0.6069959357652657,0.23807264064666855,0.21450079302244557,0.6082089552238806,0.5385572139303483,False,0.675853809661748,0.6418269230769231,0.5721649484536082
AMZN,574,PAPER,804,0.5866623711340206,0.24944357740267126,0.19482560627109496,0.5945273631840796,0.7288557213930348,False,0.7253726371612144,0.8125,0.36082474226804123
AMZN,574,PRICE,804,0.5148195876288659,0.25753816199373764,0.03037496093298459,0.5186567164179104,0.6106965174129353,False,0.7114975023583051,0.625,0.40463917525773196
AMZN,574,FULL,804,0.5964264472640761,0.2549166263229975,0.19395492864664665,0.5982587064676617,0.5559701492537313,False,0.7723196712236653,0.6490384615384616,0.5438144329896907
AMZN,574,TFIDF_LR,804,0.6041831879460745,0.23686743681518058,0.23354598324969522,0.6119402985074627,0.7263681592039801,False,0.6665626546762088,0.8269230769230769,0.38144329896907214
AMZN,574,TFIDF_SVM,804,0.6054718477398889,0.23663538051312075,0.23610145525773688,0.6131840796019901,0.7251243781094527,False,0.6662273156417359,0.8269230769230769,0.38402061855670105
AMZN,574,TFIDF_RF,804,0.5846922085646312,0.24278554837807925,0.187290659066179,0.5920398009950248,0.7139303482587065,False,0.6787705049717615,0.7956730769230769,0.37371134020618557
AMZN,574,TFIDF_LR_PRICE_FALLBACK,804,0.6048399088025376,0.23815261300487675,0.21132808114241225,0.6069651741293532,0.5646766169154229,False,0.6701940756539623,0.6658653846153846,0.5438144329896907
AMZN,574,TFIDF_SVM_PRICE_FALLBACK,804,0.606128568596352,0.237610925356149,0.21385636037222927,0.6082089552238806,0.5634328358208955,False,0.6692248280777833,0.6658653846153846,0.5463917525773195
AMZN,574,TFIDF_RF_PRICE_FALLBACK,804,0.5853489294210943,0.24409631499028087,0.17153307228494571,0.5870646766169154,0.5522388059701493,False,0.6824528023083836,0.6346153846153846,0.5360824742268041
AMZN,574,A1,804,0.6048399088025376,0.2429682140815075,0.21132808114241225,0.6069651741293532,0.5646766169154229,False,0.6799430476263657,0.6658653846153846,0.5438144329896907
AMZN,574,A2,804,0.5979753172085647,0.24115119499621002,0.19671259698502644,0.599502487562189,0.5472636815920398,False,0.6763055995103566,0.6418269230769231,0.5541237113402062
AMZN,574,A3,804,0.5991648493259318,0.2371646320650436,0.20110743076374013,0.6019900497512438,0.5845771144278606,False,0.6682494613248292,0.6802884615384616,0.5180412371134021
AMZN,574,B1,804,0.5965131839809674,0.2545316174596693,0.19402242899413522,0.5982587064676617,0.5534825870646766,False,0.7701019958210523,0.6466346153846154,0.5463917525773195
AMZN,574,B2,804,0.5983098731165741,0.2603211279759891,0.19865163169637343,0.6007462686567164,0.5733830845771144,False,0.8575626954992442,0.6682692307692307,0.5283505154639175
AMZN,574,FULL_SHRINK,804,0.5964264472640761,0.2376507929589403,0.19395492864664665,0.5982587064676617,0.5559701492537313,False,0.6690908701096827,0.6490384615384616,0.5438144329896907
AMZN,574,TITLE_FINBERT_FUSION,804,0.5951377874702617,0.2503298468517615,0.19141746701700693,0.5970149253731343,0.5572139303482587,False,0.7399875267671499,0.6490384615384616,0.5412371134020618
AMZN,574,TITLE_MODERN_FUSION,804,0.5887812252180809,0.2445831904907673,0.17878786337220096,0.5907960199004975,0.5609452736318408,False,0.6987150005322237,0.6466346153846154,0.5309278350515464
AMZN,574,PARAGRAPH_FINBERT_FUSION,804,0.5927339413164155,0.25068712089691597,0.1864757228721359,0.5945273631840796,0.554726368159204,False,0.7372417748460268,0.6442307692307693,0.5412371134020618
AMZN,574,PARAGRAPH_MODERN_FUSION,804,0.5876660388580492,0.241515512723107,0.17638429006841938,0.5895522388059702,0.5572139303482587,False,0.6855230542926474,0.6418269230769231,0.5335051546391752
AMZN,575,PAPER,804,0.5730942704203013,0.25170684775153385,0.16362341219048282,0.5808457711442786,0.7251243781094527,False,0.7378838779986542,0.7956730769230769,0.35051546391752575
AMZN,575,PRICE,804,0.5351779341792229,0.25788565064979113,0.07171154121319115,0.5385572139303483,0.5982587064676617,False,0.7122284387468094,0.6322115384615384,0.4381443298969072
AMZN,575,FULL,804,0.6000446074544012,0.25154159364598466,0.20019156440237984,0.6007462686567164,0.5236318407960199,False,0.7429814942961054,0.6201923076923077,0.5798969072164949
AMZN,575,TFIDF_LR,804,0.6047036082474226,0.2361016211695337,0.23094691501621165,0.6119402985074627,0.7114427860696517,False,0.6650108095922325,0.8125,0.39690721649484534
AMZN,575,TFIDF_SVM,804,0.5958564631245044,0.23532818188708807,0.2122571168460296,0.6032338308457711,0.7151741293532339,False,0.6634251380031391,0.8076923076923077,0.38402061855670105
AMZN,575,TFIDF_RF,804,0.5918170103092784,0.241877305963094,0.20524741290481027,0.599502487562189,0.7238805970149254,False,0.6768276334179613,0.8125,0.3711340206185567
AMZN,575,TFIDF_LR_PRICE_FALLBACK,804,0.6209977200634418,0.23572740252209845,0.24228080689388115,0.6218905472636815,0.5298507462686567,False,0.6649345532384456,0.6466346153846154,0.595360824742268
AMZN,575,TFIDF_SVM_PRICE_FALLBACK,804,0.6121505749405234,0.234750721268355,0.22467241220674314,0.6131840796019901,0.5335820895522388,False,0.662937568814342,0.6418269230769231,0.5824742268041238
AMZN,575,TFIDF_RF_PRICE_FALLBACK,804,0.6081111221252974,0.24141231567803756,0.21686813509758185,0.6094527363184079,0.5422885572139303,False,0.6765672287435913,0.6466346153846154,0.5695876288659794
AMZN,575,A1,804,0.6136127081681205,0.2379613238908432,0.2274284069714945,0.6144278606965174,0.527363184079602,False,0.6694386739314722,0.6370192307692307,0.5902061855670103
AMZN,575,A2,804,0.6075163560666138,0.23850147582951228,0.21514270551392742,0.6082089552238806,0.5236318407960199,False,0.6705509889103567,0.6274038461538461,0.5876288659793815
AMZN,575,A3,804,0.6169582672482157,0.23348471300475246,0.23447284138261304,0.6181592039800995,0.5385572139303483,False,0.6602856874136553,0.6514423076923077,0.5824742268041238
AMZN,575,B1,804,0.6001313441712927,0.2558109627337801,0.20032040692575626,0.6007462686567164,0.5211442786069652,False,0.7578799636332939,0.6177884615384616,0.5824742268041238
AMZN,575,B2,804,0.5957449444885012,0.25784410163983584,0.1919829446672313,0.5970149253731343,0.5398009950248757,False,0.814925378883163,0.6322115384615384,0.5592783505154639
AMZN,575,FULL_SHRINK,804,0.6000446074544012,0.24116872397258077,0.20019156440237984,0.6007462686567164,0.5236318407960199,False,0.6766712228360187,0.6201923076923077,0.5798969072164949
AMZN,575,TITLE_FINBERT_FUSION,804,0.6038238501189532,0.2433055742655306,0.20773008377625501,0.6044776119402985,0.5223880597014925,False,0.6909488390174592,0.6225961538461539,0.5850515463917526
AMZN,575,TITLE_MODERN_FUSION,804,0.5988426843774782,0.24510312748227572,0.19776379977123598,0.599502487562189,0.5223880597014925,False,0.7011377802676668,0.6177884615384616,0.5798969072164949
AMZN,575,PARAGRAPH_FINBERT_FUSION,804,0.5926595955590801,0.24246772533321298,0.18537260277079634,0.5932835820895522,0.5211442786069652,False,0.6831742056326432,0.6105769230769231,0.5747422680412371
AMZN,575,PARAGRAPH_MODERN_FUSION,804,0.5988426843774782,0.2446193693268626,0.19776379977123598,0.599502487562189,0.5223880597014925,False,0.6973693708650123,0.6177884615384616,0.5798969072164949
