phase,symbol,method,baseline,block_days,BA_low,BA_high,Brier_low,Brier_high
development,AAPL,J1,J0,1,-0.1260334866705303,0.05558041463216689,-0.01333781238754244,0.03040682705048517
development,AAPL,J3,J2,1,-0.046132306422986345,0.07987248980529917,-0.05329332361018162,-0.006626812566353452
development,AAPL,N1,N0,1,-0.059375168249117795,0.03592599316478428,-0.04646902683136916,-0.0003581945739400859
development,AAPL,N1M,N0M,1,-0.04287086153283335,0.02976412579957355,0.007061532514636947,0.026995308843467597
development,AAPL,F1_calibrated,F1,1,-0.14622365285923758,-0.025462858260819593,0.0009223178358508041,0.02515835787399902
development,AAPL,F2_calibrated,F2,1,-0.10081032878411907,0.006720385583234583,-0.02362529008866328,0.012239460341939973
development,AAPL,F1_temperature,F1,1,0.0,0.0,-0.01149426824069601,0.010970228791777099
development,AAPL,F2_temperature,F2,1,0.0,0.0,-0.06439244214513434,0.002236994044092442
development,AAPL,J1,J0,5,-0.10984598702138552,0.05656650246305416,-0.008499085956911272,0.025155142657692184
development,AAPL,J3,J2,5,-0.030002314814814825,0.07780283777017671,-0.05871615036074364,-0.00499908541947723
development,AAPL,N1,N0,5,-0.05161842785408356,0.034640343187014894,-0.04971352683825612,0.001972731794768272
development,AAPL,N1M,N0M,5,-0.04810727257004496,0.033336831639416746,0.005516236039493589,0.03133048184802089
development,AAPL,F1_calibrated,F1,5,-0.1589857568027211,-0.028327657378741013,0.010040063379410533,0.01655709139173759
development,AAPL,F2_calibrated,F2,5,-0.10706188548293812,0.02451434277414669,-0.031364186186629624,0.01822976213493968
development,AAPL,F1_temperature,F1,5,0.0,0.0,-0.012232043745138957,0.012347711860204455
development,AAPL,F2_temperature,F2,5,0.0,0.0,-0.07279883647302758,0.005168107461719981
development,AMZN,J1,J0,1,-0.08642958892958895,0.007254229488078512,-0.0028720305301453268,0.005537286877116541
development,AMZN,J3,J2,1,0.009306941052253213,0.11986932615423052,-0.008897809098309945,0.02132972613650544
development,AMZN,N1,N0,1,-0.029358178053830224,0.06774118738404453,-0.057969747701039534,-0.017111396144470877
development,AMZN,N1M,N0M,1,-0.013354380314715949,0.07354614549832861,-0.0653583818806653,-0.01831687949444482
development,AMZN,F1_calibrated,F1,1,-0.1263961038961039,-0.013284900656493228,-0.005087601007228471,0.013260222355085817
development,AMZN,F2_calibrated,F2,1,-0.03729575163398696,0.1368393000064046,-0.08174216062451597,-0.012751786364068707
development,AMZN,F1_temperature,F1,1,0.0,0.0,-0.004168135819696184,0.019719034454004827
development,AMZN,F2_temperature,F2,1,0.0,0.0,-0.07817003454045961,-0.010648388001154982
development,AMZN,J1,J0,5,-0.06145225464190984,-0.024542644000580344,-0.0006564562557807223,0.003977658269122643
development,AMZN,J3,J2,5,0.03125000000000003,0.10608101054924002,-0.003865062150127785,0.017264678993139708
development,AMZN,N1,N0,5,-0.02104475652903642,0.06692948870066809,-0.05760135692585858,-0.017123725739963108
development,AMZN,N1M,N0M,5,-0.009390935727594312,0.07222587719298247,-0.06687651636410623,-0.01779572732140903
development,AMZN,F1_calibrated,F1,5,-0.11826155975252356,-0.026808628059533702,-0.0014319650626643118,0.012262888408452294
development,AMZN,F2_calibrated,F2,5,-0.03651166953546836,0.10768991633710301,-0.08548587642150986,-0.010106621304758015
development,AMZN,F1_temperature,F1,5,0.0,0.0,0.0005267633838154398,0.018133303285576333
development,AMZN,F2_temperature,F2,5,0.0,0.0,-0.07988752848456628,-0.01168893535104779
later,AAPL,J1,J0,1,-0.03219647749869418,0.053072494404778056,0.004228031489681002,0.04908958282077404
later,AAPL,J3,J2,1,-0.05674905487455605,0.057960641332351855,-0.04745570730253853,-0.0058719222296766665
later,AAPL,N1,N0,1,-0.07411614268623264,0.035807814203237934,-0.04618042830716982,-0.007851719264443986
later,AAPL,N1M,N0M,1,-0.03416297355105031,0.022856909613375095,0.0007722832579946296,0.020224932748710938
later,AAPL,F1_calibrated,F1,1,-0.0769469576978373,0.038898790512691815,-0.010315692469407455,0.012287159766139548
later,AAPL,F2_calibrated,F2,1,-0.149882754779557,1.4224732503009503e-17,-0.03225347673628755,0.00063752408013461
later,AAPL,F1_temperature,F1,1,0.0,0.0,-0.024410850714901202,0.0057941769715399325
later,AAPL,F2_temperature,F2,1,0.0,0.0,-0.06304856777187395,-0.006326456725278734
later,AAPL,J1,J0,5,-0.028477648677789097,0.045652783756636506,0.01136813195673404,0.042431683291367525
later,AAPL,J3,J2,5,-0.08551054231636757,0.08448135180904245,-0.0543417792866804,-0.002751260431848678
later,AAPL,N1,N0,5,-0.07064343725894359,0.03358566760954401,-0.04710939704381219,-0.008772613194302305
later,AAPL,N1M,N0M,5,-0.034214690211191355,0.02632993774759478,0.0007484285351468149,0.022235789529151326
later,AAPL,F1_calibrated,F1,5,-0.061029180695847375,0.03342606270394217,-0.011534966213702223,0.012705316089668958
later,AAPL,F2_calibrated,F2,5,-0.15238228999464953,0.013544640868281773,-0.030890216494044078,-0.0007656378955947283
later,AAPL,F1_temperature,F1,5,0.0,0.0,-0.017685730104192318,-0.0002090426140086021
later,AAPL,F2_temperature,F2,5,0.0,0.0,-0.06151588256462718,-0.011825827936805521
later,AMZN,J1,J0,1,-0.039966786087475746,0.016482571904412876,-0.00148884132624466,0.00560170396808398
later,AMZN,J3,J2,1,-0.04390628476858034,0.03275760878874615,-0.009277994205411342,0.020628648006850023
later,AMZN,N1,N0,1,-0.004264012437196265,0.05802271638304135,-0.02830037175230302,0.0005574358453720723
later,AMZN,N1M,N0M,1,-0.0007579413829413871,0.054800576915581725,-0.030956449747552503,-0.0015346293196372917
later,AMZN,F1_calibrated,F1,1,-0.05992581441041485,0.015341315828572146,-0.02080661794881096,-2.0198147693116203e-05
later,AMZN,F2_calibrated,F2,1,-0.10130665311699792,0.041628449648702236,-0.03715696228792671,0.008219277353501782
later,AMZN,F1_temperature,F1,1,0.0,0.0,-0.025860680179920725,0.0005920859705197637
later,AMZN,F2_temperature,F2,1,0.0,0.0,-0.03829345796920962,0.006694923582670008
later,AMZN,J1,J0,5,-0.044778511289705336,0.012913122452596128,-0.0010096958378844657,0.004693845574919126
later,AMZN,J3,J2,5,-0.04500926094464246,0.04036805896805898,-0.008458109366390508,0.01800406951621161
later,AMZN,N1,N0,5,-0.0060161964472308874,0.06640466411520188,-0.027724391788128425,-0.0006007809164783502
later,AMZN,N1M,N0M,5,-0.0023890088356572667,0.061374146017997955,-0.028511442372027483,-0.0035693648769483423
later,AMZN,F1_calibrated,F1,5,-0.04654617326330668,0.006736022609270267,-0.021235214686049372,0.0021996079797223967
later,AMZN,F2_calibrated,F2,5,-0.08462009803921569,0.03526996909066892,-0.03622009367223433,0.005742378661454884
later,AMZN,F1_temperature,F1,5,0.0,0.0,-0.02636119243469934,0.003787929974167501
later,AMZN,F2_temperature,F2,5,0.0,0.0,-0.037184731567005476,0.004571802446538836
train_forward_oof,AAPL,J1,J0,1,-0.008204981764589801,0.07373135480183404,0.004911908694361128,0.03117387826147024
train_forward_oof,AAPL,J3,J2,1,-0.013454181312092025,0.07810827538541351,0.00047725186607987084,0.02502480049895168
train_forward_oof,AAPL,N1,N0,1,-0.017356159199696776,0.027626216701063015,-0.005875430809211429,0.007706228665176959
train_forward_oof,AAPL,N1M,N0M,1,-0.02956987852468254,0.02784381154427062,-0.03589708985295626,-0.007816780783565883
train_forward_oof,AAPL,F1_calibrated,F1,1,0.0,0.0,-0.01210830107629754,0.005429396740294257
train_forward_oof,AAPL,F2_calibrated,F2,1,0.0,0.0,-0.009226050662824933,0.014688391840870521
train_forward_oof,AAPL,F1_temperature,F1,1,0.0,0.0,-0.015691049027709975,0.005195099955891015
train_forward_oof,AAPL,F2_temperature,F2,1,0.0,0.0,-0.012175947330345913,0.01406255567588064
train_forward_oof,AAPL,J1,J0,5,-0.011608182437781129,0.0758342292310129,0.0046159729472471265,0.03272265573558815
train_forward_oof,AAPL,J3,J2,5,-0.010319940476190469,0.08114106288448389,-0.0002299849968361534,0.02532779927598617
train_forward_oof,AAPL,N1,N0,5,-0.024995611156685794,0.03440149876320091,-0.002009176136613549,0.00476862189323048
train_forward_oof,AAPL,N1M,N0M,5,-0.03626157899418538,0.03000128009688991,-0.03656260641047175,-0.005975897404690194
train_forward_oof,AAPL,F1_calibrated,F1,5,0.0,0.0,-0.012018704084123547,0.004459782141797671
train_forward_oof,AAPL,F2_calibrated,F2,5,0.0,0.0,-0.006454081272255262,0.013024428941525596
train_forward_oof,AAPL,F1_temperature,F1,5,0.0,0.0,-0.014778570409081912,0.005493261734350731
train_forward_oof,AAPL,F2_temperature,F2,5,0.0,0.0,-0.00954302872835628,0.012748800217088373
train_forward_oof,AMZN,J1,J0,1,-0.04129767125107966,-0.004829526365110841,-0.005259245786943685,0.0031593822053647288
train_forward_oof,AMZN,J3,J2,1,-0.018182420029490543,0.025131888724992796,0.00877000181769537,0.041116744545778225
train_forward_oof,AMZN,N1,N0,1,-0.014969594594594595,0.013562106845088111,-0.009154515867787424,0.0008409065168249287
train_forward_oof,AMZN,N1M,N0M,1,-0.023117206468341284,0.018548141753152638,-0.010060985375361304,0.003370443189006065
train_forward_oof,AMZN,F1_calibrated,F1,1,0.0,0.0,-0.010710915270458714,0.0005495151532414187
train_forward_oof,AMZN,F2_calibrated,F2,1,0.0,0.0,-0.010464109698933782,0.00559585149739699
train_forward_oof,AMZN,F1_temperature,F1,1,0.0,0.0,-0.010710915270458714,0.0005495151532414177
train_forward_oof,AMZN,F2_temperature,F2,1,0.0,0.0,-0.0222153206888181,-0.0018091607101386425
train_forward_oof,AMZN,J1,J0,5,-0.04396212848653855,-0.002886289589981733,-0.0056128417196428,0.003170855684406524
train_forward_oof,AMZN,J3,J2,5,-0.015916729308973643,0.027021103896103852,0.005712574315077567,0.0460461788494099
train_forward_oof,AMZN,N1,N0,5,-0.017641680963016052,0.018572527211302002,-0.012213040424144788,0.0022411454315664015
train_forward_oof,AMZN,N1M,N0M,5,-0.021529174200982652,0.019793415171891666,-0.01185836655727326,0.00519383446370053
train_forward_oof,AMZN,F1_calibrated,F1,5,0.0,0.0,-0.010537694474936276,0.0006887314216414449
train_forward_oof,AMZN,F2_calibrated,F2,5,0.0,0.0,-0.008506162362329645,0.0037061827694683685
train_forward_oof,AMZN,F1_temperature,F1,5,0.0,0.0,-0.010537694474936276,0.000688731421641446
train_forward_oof,AMZN,F2_temperature,F2,5,0.0,0.0,-0.022731720911295255,-0.0020999811879546027
