variant,method,parameter,symbol,month,n,BA,MCC,Brier,pred_up,constant,selected_oof,selected_final,return_MAE,return_RMSE,return_corr
price,C0,0.01,AAPL,2018-03,62,0.471875,-0.058191817512585564,0.2672733210080698,0.3709677419354839,0,,,,,
price,C0,0.1,AAPL,2018-03,62,0.45416666666666666,-0.09283444198266944,0.30903528156576027,0.41935483870967744,0,,,,,
price,C0,1.0,AAPL,2018-03,62,0.421875,-0.1582405261068229,0.3313137519152147,0.41935483870967744,0,,,,,
price,C0,0.01,AMZN,2018-03,62,0.40476190476190477,-0.22587697572631282,0.2686494974112544,0.7741935483870968,0,,,,,
price,C0,0.1,AMZN,2018-03,62,0.4291005291005291,-0.15489104267951137,0.31261895823544994,0.7096774193548387,0,,,,,
price,C0,1.0,AMZN,2018-03,62,0.42063492063492064,-0.16448792373994225,0.3441673512867106,0.6451612903225806,0,,,,,
price,C0,0.01,AAPL,2018-04,63,0.5720766129032258,0.1445911606659296,0.2405911761586822,0.5396825396825397,0,,,,,
price,C0,0.1,AAPL,2018-04,63,0.5246975806451613,0.049696660496618174,0.25408181821223946,0.5555555555555556,0,,,,,
price,C0,1.0,AAPL,2018-04,63,0.46169354838709675,-0.07779832024680092,0.30086059943718924,0.5873015873015873,0,,,,,
price,C0,0.01,AMZN,2018-04,63,0.45714285714285713,-0.08770580193070292,0.260555606216507,0.6190476190476191,0,,,,,
price,C0,0.1,AMZN,2018-04,63,0.4714285714285714,-0.058038100008800934,0.28720901140207195,0.6031746031746031,0,,,,,
price,C0,1.0,AMZN,2018-04,63,0.45,-0.1,0.3155642225546143,0.5555555555555556,0,,,,,
price,C0,0.01,AAPL,2018-05,66,0.5806150978564772,0.1603361211918254,0.2499743120725451,0.4696969696969697,0,,,,,
price,C0,0.1,AAPL,2018-05,66,0.5535880708294502,0.10717614165890028,0.26797754859805467,0.4393939393939394,0,,,,,
price,C0,1.0,AAPL,2018-05,66,0.5400745573159367,0.08048737734561064,0.2835422315158159,0.42424242424242425,0,,,,,
price,C0,0.01,AMZN,2018-05,65,0.4780701754385965,-0.04682929057908469,0.2530227039048036,0.3076923076923077,0,,,,,
price,C0,0.1,AMZN,2018-05,65,0.4775828460038986,-0.04419286852477699,0.2590391007038883,0.49230769230769234,0,,,,,
price,C0,1.0,AMZN,2018-05,65,0.4273879142300195,-0.14314646543895154,0.2695155277228385,0.5076923076923077,0,,,,,
price,C0,0.01,AAPL,2018-06,63,0.48611111111111116,-0.027777777777777776,0.26566172676221733,0.42857142857142855,0,,,,,
price,C0,0.1,AAPL,2018-06,63,0.44907407407407407,-0.10112618056102679,0.2776486815642435,0.4603174603174603,0,,,,,
price,C0,1.0,AAPL,2018-06,63,0.44907407407407407,-0.10112618056102679,0.28416401421380444,0.4603174603174603,0,,,,,
price,C0,0.01,AMZN,2018-06,63,0.5016304347826087,0.0031434730673096573,0.24717121156059957,0.5238095238095238,0,,,,,
price,C0,0.1,AMZN,2018-06,63,0.592391304347826,0.19111984392564735,0.2347992688848279,0.6825396825396826,0,,,,,
price,C0,1.0,AMZN,2018-06,63,0.5489130434782609,0.10425720702853737,0.2279740285381666,0.7142857142857143,0,,,,,
price,C0,0.01,AAPL,2018-07,60,0.575091575091575,0.1473324397198537,0.24238231490676934,0.38333333333333336,0,,,,,
price,C0,0.1,AAPL,2018-07,60,0.6172161172161172,0.22413272587221034,0.23923238269955918,0.5333333333333333,0,,,,,
price,C0,1.0,AAPL,2018-07,60,0.6172161172161172,0.22413272587221034,0.24250649265540913,0.5333333333333333,0,,,,,
price,C0,0.01,AMZN,2018-07,60,0.5666666666666667,0.15762208124782015,0.24223050063134827,0.7666666666666667,0,,,,,
price,C0,0.1,AMZN,2018-07,60,0.5833333333333334,0.20227834851568371,0.24160404986830789,0.7833333333333333,0,,,,,
price,C0,1.0,AMZN,2018-07,60,0.5833333333333334,0.20227834851568371,0.2500545438208256,0.7833333333333333,0,,,,,
price,C0,0.01,AAPL,2018-08,69,0.565359477124183,0.12051692101036454,0.23244897574958812,0.6521739130434783,0,,,,,
price,C0,0.1,AAPL,2018-08,69,0.5849673202614378,0.16011904396842466,0.221650099277249,0.6811594202898551,0,,,,,
price,C0,1.0,AAPL,2018-08,69,0.6127450980392157,0.21004201260420147,0.21866083714307613,0.6666666666666666,0,,,,,
price,C0,0.01,AMZN,2018-08,69,0.569396551724138,0.14532958974404495,0.24121067376298097,0.6666666666666666,0,,,,,
price,C0,0.1,AMZN,2018-08,69,0.6211206896551724,0.24674958079543985,0.22950357549891123,0.6231884057971014,0,,,,,
price,C0,1.0,AMZN,2018-08,69,0.6383620689655172,0.2798784825060619,0.22523992110688365,0.6086956521739131,0,,,,,
price,C0,0.1,AAPL,2018-03,62,0.45416666666666666,-0.09283444198266944,0.30903528156576027,0.41935483870967744,0,True,,,,
price,C0,0.1,AMZN,2018-03,62,0.4291005291005291,-0.15489104267951137,0.31261895823544994,0.7096774193548387,0,True,,,,
price,C0,0.1,AAPL,2018-04,63,0.5246975806451613,0.049696660496618174,0.25408181821223946,0.5555555555555556,0,True,,,,
price,C0,0.1,AMZN,2018-04,63,0.4714285714285714,-0.058038100008800934,0.28720901140207195,0.6031746031746031,0,True,,,,
price,C0,0.1,AAPL,2018-05,66,0.5535880708294502,0.10717614165890028,0.26797754859805467,0.4393939393939394,0,True,,,,
price,C0,0.1,AMZN,2018-05,65,0.4775828460038986,-0.04419286852477699,0.2590391007038883,0.49230769230769234,0,True,,,,
price,C0,0.1,AAPL,2018-06,63,0.44907407407407407,-0.10112618056102679,0.2776486815642435,0.4603174603174603,0,True,,,,
price,C0,0.1,AMZN,2018-06,63,0.592391304347826,0.19111984392564735,0.2347992688848279,0.6825396825396826,0,True,,,,
price,C0,0.1,AAPL,2018-07,60,0.6172161172161172,0.22413272587221034,0.23923238269955918,0.5333333333333333,0,True,,,,
price,C0,0.1,AMZN,2018-07,60,0.5833333333333334,0.20227834851568371,0.24160404986830789,0.7833333333333333,0,True,,,,
price,C0,0.1,AAPL,2018-08,69,0.5849673202614378,0.16011904396842466,0.221650099277249,0.6811594202898551,0,True,,,,
price,C0,0.1,AMZN,2018-08,69,0.6211206896551724,0.24674958079543985,0.22950357549891123,0.6231884057971014,0,True,,,,
price,C0,0.1,AAPL,development,126,0.5509634888438134,0.11554712812243798,0.2477609462525271,0.7380952380952381,0,,True,,,
price,C0,0.1,AMZN,development,126,0.5315398886827458,0.06387187202625091,0.2750183674452071,0.6349206349206349,0,,True,,,
price,C0,0.1,AAPL,later,178,0.526398888467854,0.05631075360123307,0.2709276299375183,0.6741573033707865,0,,True,,,
price,C0,0.1,AMZN,later,179,0.5020650813516896,0.004261810524424723,0.27399857165946584,0.6256983240223464,0,,True,,,
price,C1,0.01,AAPL,2018-03,62,0.5229166666666667,0.05046083923495819,0.2654108053282306,0.2903225806451613,0,,,0.008666693866822874,0.011723541774433755,0.0367932032045232
price,C1,0.1,AAPL,2018-03,62,0.5229166666666667,0.05046083923495819,0.26558506181591796,0.2903225806451613,0,,,0.008656716613446656,0.011712161833696163,0.032778356862059266
price,C1,1.0,AAPL,2018-03,62,0.5229166666666667,0.05046083923495819,0.2670360895498201,0.2903225806451613,0,,,0.00863265191248783,0.011643891898410414,0.0013266240529138929
price,C1,10.0,AAPL,2018-03,62,0.5208333333333333,0.04351941398892446,0.2685540203596646,0.3548387096774194,0,,,0.008488570520663836,0.011341400791733153,-0.07203476133315745
price,C1,0.01,AMZN,2018-03,62,0.44391534391534393,-0.11897352191392704,0.307185065264949,0.3225806451612903,0,,,0.012584697219780769,0.019042966676038955,-0.4761542258721169
price,C1,0.1,AMZN,2018-03,62,0.44391534391534393,-0.11897352191392704,0.30701737987257277,0.3225806451612903,0,,,0.01256279618065956,0.018999364023152998,-0.4765833587897846
price,C1,1.0,AMZN,2018-03,62,0.4296296296296296,-0.14744639577357763,0.30546709145404866,0.3387096774193548,0,,,0.012365914046812747,0.01862378510382406,-0.4797523755440725
price,C1,10.0,AMZN,2018-03,62,0.3767195767195767,-0.24656084656084656,0.2957448775787847,0.43548387096774194,0,,,0.011422342316799623,0.01689443593205825,-0.4764938098547859
price,C1,0.01,AAPL,2018-04,63,0.5080645161290323,0.016129032258064516,0.2562693672494512,0.5079365079365079,0,,,0.00824005541682401,0.011327646996971677,-0.003905954036502275
price,C1,0.1,AAPL,2018-04,63,0.49243951612903225,-0.015136233740515087,0.2561519887426055,0.5238095238095238,0,,,0.008226985332049732,0.011317816347880585,-0.0036843799456138943
price,C1,1.0,AAPL,2018-04,63,0.49243951612903225,-0.015136233740515087,0.2550692507903137,0.5238095238095238,0,,,0.008112650894255316,0.011228330860747001,-0.0006153035848773233
price,C1,10.0,AAPL,2018-04,63,0.5080645161290323,0.016129032258064516,0.24881849186225485,0.5079365079365079,0,,,0.007746127070588638,0.010728388706184372,0.044565081311925415
price,C1,0.01,AMZN,2018-04,63,0.4357142857142857,-0.12909944487358058,0.27899207948799903,0.42857142857142855,0,,,0.013256865351904666,0.01711145517832455,-0.10337846443104669
price,C1,0.1,AMZN,2018-04,63,0.4357142857142857,-0.12909944487358058,0.27873331492340314,0.42857142857142855,0,,,0.01322802076968903,0.017086443329661236,-0.10338489345930552
price,C1,1.0,AMZN,2018-04,63,0.4535714285714285,-0.09285714285714286,0.2765984358380128,0.4444444444444444,0,,,0.012984830788789682,0.016881181692793654,-0.10304404034891651
price,C1,10.0,AMZN,2018-04,63,0.48571428571428565,-0.02857142857142857,0.2687178228636403,0.4444444444444444,0,,,0.012324912577308566,0.016120282196490504,-0.08987805977112727
price,C1,0.01,AAPL,2018-05,66,0.5205032618825722,0.043173289177634556,0.26274277514392397,0.3333333333333333,0,,,0.0060069620423118105,0.007980240085285117,-0.07109883535957753
price,C1,0.1,AAPL,2018-05,66,0.5069897483690587,0.0148961999725068,0.2626672215251089,0.3181818181818182,0,,,0.0060040283666505795,0.007975102003028284,-0.07041819322654987
price,C1,1.0,AAPL,2018-05,66,0.49347623485554526,-0.014090754910992804,0.26197637014842795,0.30303030303030304,0,,,0.005977131780315049,0.00792913749060815,-0.06402793057458946
price,C1,10.0,AAPL,2018-05,66,0.5069897483690587,0.0148961999725068,0.2582720291790249,0.3181818181818182,0,,,0.005827521558000936,0.007709750430606221,-0.025730844246899292
price,C1,0.01,AMZN,2018-05,65,0.4834307992202729,-0.03649388130037378,0.259503650283417,0.27692307692307694,0,,,0.005193803391041599,0.0066014683326516945,-0.16349923297132407
price,C1,0.1,AMZN,2018-05,65,0.4834307992202729,-0.03649388130037378,0.2594733440252578,0.27692307692307694,0,,,0.005190596905158422,0.006597876416998447,-0.1630708740545366
price,C1,1.0,AMZN,2018-05,65,0.4834307992202729,-0.03649388130037378,0.2591998949727162,0.27692307692307694,0,,,0.005160479833176454,0.00656441298879137,-0.15902344859633152
price,C1,10.0,AMZN,2018-05,65,0.4834307992202729,-0.03649388130037378,0.2578373249429162,0.27692307692307694,0,,,0.004971515001695587,0.006360604465723018,-0.13139535849675318
price,C1,0.01,AAPL,2018-06,63,0.49537037037037035,-0.009517337345336012,0.2626703546423458,0.36507936507936506,0,,,0.005037225783133202,0.006188637021962567,0.06512286547344626
price,C1,0.1,AAPL,2018-06,63,0.49537037037037035,-0.009517337345336012,0.2626767268394531,0.36507936507936506,0,,,0.005035854925801016,0.006187778412531569,0.06506009197140253
price,C1,1.0,AAPL,2018-06,63,0.49537037037037035,-0.009517337345336012,0.2627315700672614,0.36507936507936506,0,,,0.005022653273033275,0.006179582083012497,0.06454210540914065
price,C1,10.0,AAPL,2018-06,63,0.5138888888888888,0.028835491804079717,0.26281622516708897,0.3492063492063492,0,,,0.0049234981086816905,0.006118280609190658,0.06499351682510075
price,C1,0.01,AMZN,2018-06,63,0.5010869565217391,0.002195496824144787,0.25138001398936227,0.3492063492063492,0,,,0.006309464388667338,0.008242601065560075,0.11905235109404083
price,C1,0.1,AMZN,2018-06,63,0.5010869565217391,0.002195496824144787,0.2513895402957662,0.3492063492063492,0,,,0.006308947989075916,0.008242240676001546,0.11894973312877867
price,C1,1.0,AMZN,2018-06,63,0.5228260869565218,0.04662524041201569,0.2514795823070729,0.3333333333333333,0,,,0.006303917042583237,0.008238854517920563,0.11803682846991301
price,C1,10.0,AMZN,2018-06,63,0.48532608695652174,-0.03127716210856121,0.2520944621146149,0.2857142857142857,0,,,0.006295870898729194,0.008216813623319765,0.1145644822443333
price,C1,0.01,AAPL,2018-07,60,0.5347985347985348,0.07366720901486377,0.2590175974953997,0.2833333333333333,0,,,0.0055394576222132464,0.007157974387461717,0.0014904317465733229
price,C1,0.1,AAPL,2018-07,60,0.5347985347985348,0.07366720901486377,0.25898726788750487,0.2833333333333333,0,,,0.0055372192035855385,0.007155530427439486,0.0017938959377772946
price,C1,1.0,AAPL,2018-07,60,0.5347985347985348,0.07366720901486377,0.25869740211056647,0.2833333333333333,0,,,0.005515699681774418,0.007132254318839812,0.00473314431467883
price,C1,10.0,AAPL,2018-07,60,0.5347985347985348,0.07366720901486377,0.25666601403272066,0.2833333333333333,0,,,0.005361389483693993,0.0069737189866580715,0.026908596119800714
price,C1,0.01,AMZN,2018-07,60,0.5666666666666667,0.13333333333333333,0.2387517426514881,0.5,0,,,0.006736471315392297,0.009321985550552466,0.18805468358694916
price,C1,0.1,AMZN,2018-07,60,0.5666666666666667,0.13333333333333333,0.23875578050244126,0.5,0,,,0.006736349470629615,0.00932168744600543,0.1880444681218178
price,C1,1.0,AMZN,2018-07,60,0.5666666666666667,0.13333333333333333,0.23879722482522428,0.5,0,,,0.006735066124079412,0.0093189532833752,0.18793183171313166
price,C1,10.0,AMZN,2018-07,60,0.5666666666666667,0.13333333333333333,0.23922156495126481,0.5,0,,,0.006719624060634853,0.009304839142986262,0.18648503821964985
price,C1,0.01,AAPL,2018-08,69,0.5620915032679739,0.10934719818508107,0.24583227374117747,0.5362318840579711,0,,,0.00531573630145138,0.007152386744604295,0.19374237091450092
price,C1,0.1,AAPL,2018-08,69,0.5620915032679739,0.10934719818508107,0.24584416008900695,0.5362318840579711,0,,,0.005315841342634749,0.007152047069698894,0.19368795288462856
price,C1,1.0,AAPL,2018-08,69,0.5522875816993464,0.09192670044355895,0.24595986451637675,0.5217391304347826,0,,,0.005316823113873108,0.007148773046278604,0.19316020890678887
price,C1,10.0,AAPL,2018-08,69,0.5326797385620915,0.057405886644031366,0.24687280892818916,0.4927536231884058,0,,,0.005321291438329462,0.00712408476373144,0.18912633834019482
price,C1,0.01,AMZN,2018-08,69,0.593103448275862,0.18399945481723784,0.239194536645777,0.5217391304347826,0,,,0.005534056540255035,0.007088011914394862,0.32626902671199404
price,C1,0.1,AMZN,2018-08,69,0.593103448275862,0.18399945481723784,0.23921057433387696,0.5217391304347826,0,,,0.005534304384367735,0.007088017595774491,0.3262773763049426
price,C1,1.0,AMZN,2018-08,69,0.593103448275862,0.18399945481723784,0.2393668946161382,0.5217391304347826,0,,,0.005536661345863005,0.007088142137554325,0.3263440310594923
price,C1,10.0,AMZN,2018-08,69,0.5758620689655172,0.1501785206706653,0.24061904113191246,0.5362318840579711,0,,,0.005554774717137381,0.00709333094907754,0.32566784408742633
price,C1,1.0,AAPL,2018-03,62,0.5229166666666667,0.05046083923495819,0.2670360895498201,0.2903225806451613,0,True,,0.00863265191248783,0.011643891898410414,0.0013266240529138929
price,C1,1.0,AMZN,2018-03,62,0.4296296296296296,-0.14744639577357763,0.30546709145404866,0.3387096774193548,0,True,,0.012365914046812747,0.01862378510382406,-0.4797523755440725
price,C1,1.0,AAPL,2018-04,63,0.49243951612903225,-0.015136233740515087,0.2550692507903137,0.5238095238095238,0,True,,0.008112650894255316,0.011228330860747001,-0.0006153035848773233
price,C1,1.0,AMZN,2018-04,63,0.4535714285714285,-0.09285714285714286,0.2765984358380128,0.4444444444444444,0,True,,0.012984830788789682,0.016881181692793654,-0.10304404034891651
price,C1,1.0,AAPL,2018-05,66,0.49347623485554526,-0.014090754910992804,0.26197637014842795,0.30303030303030304,0,True,,0.005977131780315049,0.00792913749060815,-0.06402793057458946
price,C1,1.0,AMZN,2018-05,65,0.4834307992202729,-0.03649388130037378,0.2591998949727162,0.27692307692307694,0,True,,0.005160479833176454,0.00656441298879137,-0.15902344859633152
price,C1,1.0,AAPL,2018-06,63,0.49537037037037035,-0.009517337345336012,0.2627315700672614,0.36507936507936506,0,True,,0.005022653273033275,0.006179582083012497,0.06454210540914065
price,C1,1.0,AMZN,2018-06,63,0.5228260869565218,0.04662524041201569,0.2514795823070729,0.3333333333333333,0,True,,0.006303917042583237,0.008238854517920563,0.11803682846991301
price,C1,1.0,AAPL,2018-07,60,0.5347985347985348,0.07366720901486377,0.25869740211056647,0.2833333333333333,0,True,,0.005515699681774418,0.007132254318839812,0.00473314431467883
price,C1,1.0,AMZN,2018-07,60,0.5666666666666667,0.13333333333333333,0.23879722482522428,0.5,0,True,,0.006735066124079412,0.0093189532833752,0.18793183171313166
price,C1,1.0,AAPL,2018-08,69,0.5522875816993464,0.09192670044355895,0.24595986451637675,0.5217391304347826,0,True,,0.005316823113873108,0.007148773046278604,0.19316020890678887
price,C1,1.0,AMZN,2018-08,69,0.593103448275862,0.18399945481723784,0.2393668946161382,0.5217391304347826,0,True,,0.005536661345863005,0.007088142137554325,0.3263440310594923
price,C1,1.0,AAPL,development,126,0.5679513184584178,0.14208985534541094,0.24166077613473308,0.6507936507936508,0,,True,0.00709452553364929,0.009350556149798251,0.20897341252259272
price,C1,1.0,AMZN,development,126,0.5194805194805194,0.038160315698326765,0.25621886701936447,0.5476190476190477,0,,True,0.01165510254181382,0.015472323549251649,0.08803852202960465
price,C1,1.0,AAPL,later,178,0.5253884046987495,0.052549035770563274,0.26213751948866126,0.6292134831460674,0,,True,0.010628588215633004,0.013320642224778752,0.06263972377441482
price,C1,1.0,AMZN,later,179,0.5527534418022528,0.10855210242059282,0.25394394296476014,0.6201117318435754,0,,True,0.014109678636094438,0.01885008722840071,0.10973064158157356
price,C2,0.0,AAPL,2018-03,62,0.46875,-0.0625978857295168,0.3522343225442419,0.46774193548387094,0,,,0.007592051715075821,0.010121845079397573,-0.06432562361505116
price,C2,0.1,AAPL,2018-03,62,0.46875,-0.0625978857295168,0.35186012404344086,0.46774193548387094,0,,,0.007932505203248792,0.010751075549319521,0.13704597655670248
price,C2,0.5,AAPL,2018-03,62,0.46875,-0.0625978857295168,0.3515656364858936,0.46774193548387094,0,,,0.007984646763563974,0.010921825762404823,0.13121048384111247
price,C2,1.0,AAPL,2018-03,62,0.46875,-0.0625978857295168,0.3507194899031035,0.46774193548387094,0,,,0.008001277750551799,0.010957274033030914,0.1299448338015459
price,C2,0.0,AMZN,2018-03,62,0.4777777777777778,-0.044657608470472246,0.3727004744355071,0.5806451612903226,0,,,0.008640778484255684,0.012128511673250254,0.22800332154307545
price,C2,0.1,AMZN,2018-03,62,0.4777777777777778,-0.044657608470472246,0.3725960743947907,0.5806451612903226,0,,,0.010671624665240898,0.015153427447572667,-0.34542287872833316
price,C2,0.5,AMZN,2018-03,62,0.4777777777777778,-0.044657608470472246,0.37126233821768606,0.5806451612903226,0,,,0.010967988592441393,0.01569311930600673,-0.3743568534937183
price,C2,1.0,AMZN,2018-03,62,0.4777777777777778,-0.044657608470472246,0.3692374875882622,0.5806451612903226,0,,,0.010992536714242296,0.01574617135436154,-0.37612945832701367
price,C2,0.0,AAPL,2018-04,63,0.44606854838709675,-0.11022145480880653,0.32993825894316414,0.6031746031746031,0,,,0.007548469844384451,0.009912840044127734,0.0774805743909543
price,C2,0.1,AAPL,2018-04,63,0.44606854838709675,-0.11022145480880653,0.33019235017095666,0.6031746031746031,0,,,0.007976494217669142,0.011340537320964445,-0.023058549416778772
price,C2,0.5,AAPL,2018-04,63,0.44606854838709675,-0.11022145480880653,0.33035886941839804,0.6031746031746031,0,,,0.008084007961286626,0.011435657122286681,-0.025715734869602432
price,C2,1.0,AAPL,2018-04,63,0.44606854838709675,-0.11022145480880653,0.3305514424290893,0.6031746031746031,0,,,0.008103888718656785,0.011445120819479801,-0.024669179807676456
price,C2,0.0,AMZN,2018-04,63,0.45357142857142857,-0.09372184261837677,0.33000255942562234,0.5873015873015873,0,,,0.010747857203259475,0.014020705794343185,-0.165465660661699
price,C2,0.1,AMZN,2018-04,63,0.45357142857142857,-0.09372184261837677,0.3301663279436426,0.5873015873015873,0,,,0.012558534895190957,0.016435068872141228,-0.11036134455237337
price,C2,0.5,AMZN,2018-04,63,0.45357142857142857,-0.09372184261837677,0.33030572335020614,0.5873015873015873,0,,,0.012890153288304963,0.016791687065474074,-0.12526475968189163
price,C2,1.0,AMZN,2018-04,63,0.45357142857142857,-0.09372184261837677,0.3306539472903885,0.5873015873015873,0,,,0.012941470977079112,0.01684037281943081,-0.1270027085058995
price,C2,0.0,AAPL,2018-05,66,0.5400745573159367,0.08048737734561064,0.28846800566147995,0.42424242424242425,0,,,0.004796800247859505,0.006371792118802359,-0.06731010622761383
price,C2,0.1,AAPL,2018-05,66,0.5400745573159367,0.08048737734561064,0.28867071825052093,0.42424242424242425,0,,,0.005833640872755239,0.007350098593542891,0.0030314635551493326
price,C2,0.5,AAPL,2018-05,66,0.5400745573159367,0.08048737734561064,0.2886695929089863,0.42424242424242425,0,,,0.0058843357391235905,0.00741475960201727,-0.010090886821739682
price,C2,1.0,AAPL,2018-05,66,0.5400745573159367,0.08048737734561064,0.2886672836468424,0.42424242424242425,0,,,0.0058914002753601945,0.007425613677389751,-0.012358943924288079
price,C2,0.0,AMZN,2018-05,65,0.44590643274853803,-0.10663931317935317,0.2745177896492419,0.49230769230769234,0,,,0.003950633202761855,0.005095331691096185,0.13557445029304444
price,C2,0.1,AMZN,2018-05,65,0.40886939571150094,-0.17982398626950324,0.2735867252842099,0.5230769230769231,0,,,0.004603174491934794,0.005780932870766396,-0.10028470896550061
price,C2,0.5,AMZN,2018-05,65,0.40886939571150094,-0.17982398626950324,0.27405882025240164,0.5230769230769231,0,,,0.004661918578522091,0.005845529889294665,-0.10441365523639665
price,C2,1.0,AMZN,2018-05,65,0.40886939571150094,-0.17982398626950324,0.2738974465886694,0.5230769230769231,0,,,0.004670179460403365,0.005852716819772938,-0.10436218993770803
price,C2,0.0,AAPL,2018-06,63,0.44907407407407407,-0.10112618056102679,0.2855504233581605,0.4603174603174603,0,,,0.0041867730089956215,0.005565910276591857,-0.1841179654492501
price,C2,0.1,AAPL,2018-06,63,0.4629629629629629,-0.07339758434175737,0.2855173107182205,0.47619047619047616,0,,,0.004967924395042294,0.006147271460514669,0.030589913969899317
price,C2,0.5,AAPL,2018-06,63,0.4629629629629629,-0.07339758434175737,0.2854753254534402,0.47619047619047616,0,,,0.00499947541949975,0.006184973589711802,0.029792444214283672
price,C2,1.0,AAPL,2018-06,63,0.4629629629629629,-0.07339758434175737,0.28544120755532987,0.47619047619047616,0,,,0.005002573933931336,0.006189611799743926,0.030014753988108392
price,C2,0.0,AMZN,2018-06,63,0.5489130434782609,0.10425720702853737,0.22695343551989597,0.7142857142857143,0,,,0.006076188199941276,0.008122424544807539,-0.24541742358154411
price,C2,0.1,AMZN,2018-06,63,0.5489130434782609,0.10425720702853737,0.2271691215043563,0.7142857142857143,0,,,0.005721041530308562,0.007711336851595094,0.31434849111470625
price,C2,0.5,AMZN,2018-06,63,0.5489130434782609,0.10425720702853737,0.22707537632021052,0.7142857142857143,0,,,0.0057204957674973035,0.007699971094499141,0.31703289356509273
price,C2,1.0,AMZN,2018-06,63,0.5489130434782609,0.10425720702853737,0.22721684275798235,0.7142857142857143,0,,,0.005722005896659664,0.007697335214715086,0.3179752561548329
price,C2,0.0,AAPL,2018-07,60,0.6172161172161172,0.22413272587221034,0.24308727725672075,0.5333333333333333,0,,,0.004555224862049816,0.006222936517885877,-0.15491913116311143
price,C2,0.1,AAPL,2018-07,60,0.6172161172161172,0.22413272587221034,0.24330510618795198,0.5333333333333333,0,,,0.005149894144266099,0.006827602097990062,-0.01657620014031127
price,C2,0.5,AAPL,2018-07,60,0.6172161172161172,0.22413272587221034,0.24332176708645453,0.5333333333333333,0,,,0.005272983683362384,0.00695094824432905,-0.047040386700517155
price,C2,1.0,AAPL,2018-07,60,0.6172161172161172,0.22413272587221034,0.24336578409812595,0.5333333333333333,0,,,0.00529210150946774,0.0069689573391585055,-0.05105727741782682
price,C2,0.0,AMZN,2018-07,60,0.5833333333333334,0.20227834851568371,0.2523810753174719,0.7833333333333333,0,,,0.007059089763646076,0.009457095908579898,0.0669189352716174
price,C2,0.1,AMZN,2018-07,60,0.5833333333333334,0.20227834851568371,0.2523763434829632,0.7833333333333333,0,,,0.006701424658292885,0.009750292433390565,0.08241067043130838
price,C2,0.5,AMZN,2018-07,60,0.6,0.25,0.2523238343293803,0.8,0,,,0.006672970704511631,0.009767034855600487,0.08977755711222266
price,C2,1.0,AMZN,2018-07,60,0.6,0.25,0.2524442393005717,0.8,0,,,0.00667161756210358,0.009773761740064788,0.09038573790649583
price,C2,0.0,AAPL,2018-08,69,0.6127450980392157,0.21004201260420147,0.21832785836926902,0.6666666666666666,0,,,0.005061626626822027,0.0071055372973410965,-0.15165033531639582
price,C2,0.1,AAPL,2018-08,69,0.6127450980392157,0.21004201260420147,0.21824093763675495,0.6666666666666666,0,,,0.004956177438740889,0.006858220062361569,0.2458023925319064
price,C2,0.5,AAPL,2018-08,69,0.6127450980392157,0.21004201260420147,0.2182186000669333,0.6666666666666666,0,,,0.004975998854711359,0.006880731637807407,0.25494558969318404
price,C2,1.0,AAPL,2018-08,69,0.6127450980392157,0.21004201260420147,0.21821198660316463,0.6666666666666666,0,,,0.004977871463163204,0.006883191045885133,0.25618766545867866
price,C2,0.0,AMZN,2018-08,69,0.6383620689655172,0.2798784825060619,0.22457253057313792,0.6086956521739131,0,,,0.005772522403797131,0.007305368536206874,-0.3049326759228259
price,C2,0.1,AMZN,2018-08,69,0.6383620689655172,0.2798784825060619,0.2246503387279118,0.6086956521739131,0,,,0.0053907143814648254,0.00690515535987324,0.32323945549863203
price,C2,0.5,AMZN,2018-08,69,0.6383620689655172,0.2798784825060619,0.2246790347525988,0.6086956521739131,0,,,0.005397123976428595,0.006915061567987235,0.3237767242329161
price,C2,1.0,AMZN,2018-08,69,0.6383620689655172,0.2798784825060619,0.22462802452605227,0.6086956521739131,0,,,0.005399848423141725,0.006919412867155969,0.32271785399904385
price,C2,0.0,AAPL,2018-03,62,0.46875,-0.0625978857295168,0.3522343225442419,0.46774193548387094,0,True,,0.007592051715075821,0.010121845079397573,-0.06432562361505116
price,C2,0.0,AMZN,2018-03,62,0.4777777777777778,-0.044657608470472246,0.3727004744355071,0.5806451612903226,0,True,,0.008640778484255684,0.012128511673250254,0.22800332154307545
price,C2,0.0,AAPL,2018-04,63,0.44606854838709675,-0.11022145480880653,0.32993825894316414,0.6031746031746031,0,True,,0.007548469844384451,0.009912840044127734,0.0774805743909543
price,C2,0.0,AMZN,2018-04,63,0.45357142857142857,-0.09372184261837677,0.33000255942562234,0.5873015873015873,0,True,,0.010747857203259475,0.014020705794343185,-0.165465660661699
price,C2,0.0,AAPL,2018-05,66,0.5400745573159367,0.08048737734561064,0.28846800566147995,0.42424242424242425,0,True,,0.004796800247859505,0.006371792118802359,-0.06731010622761383
price,C2,0.0,AMZN,2018-05,65,0.44590643274853803,-0.10663931317935317,0.2745177896492419,0.49230769230769234,0,True,,0.003950633202761855,0.005095331691096185,0.13557445029304444
price,C2,0.0,AAPL,2018-06,63,0.44907407407407407,-0.10112618056102679,0.2855504233581605,0.4603174603174603,0,True,,0.0041867730089956215,0.005565910276591857,-0.1841179654492501
price,C2,0.0,AMZN,2018-06,63,0.5489130434782609,0.10425720702853737,0.22695343551989597,0.7142857142857143,0,True,,0.006076188199941276,0.008122424544807539,-0.24541742358154411
price,C2,0.0,AAPL,2018-07,60,0.6172161172161172,0.22413272587221034,0.24308727725672075,0.5333333333333333,0,True,,0.004555224862049816,0.006222936517885877,-0.15491913116311143
price,C2,0.0,AMZN,2018-07,60,0.5833333333333334,0.20227834851568371,0.2523810753174719,0.7833333333333333,0,True,,0.007059089763646076,0.009457095908579898,0.0669189352716174
price,C2,0.0,AAPL,2018-08,69,0.6127450980392157,0.21004201260420147,0.21832785836926902,0.6666666666666666,0,True,,0.005061626626822027,0.0071055372973410965,-0.15165033531639582
price,C2,0.0,AMZN,2018-08,69,0.6383620689655172,0.2798784825060619,0.22457253057313792,0.6086956521739131,0,True,,0.005772522403797131,0.007305368536206874,-0.3049326759228259
price,C2,0.0,AAPL,development,126,0.5238336713995944,0.05176738909428016,0.25027122760951276,0.6984126984126984,0,,True,0.007111832945243927,0.009335799758845522,-0.19891013686418785
price,C2,0.0,AMZN,development,126,0.5306122448979592,0.06080689921050603,0.2970855429988567,0.5952380952380952,0,,True,0.010781913108553783,0.014667946663172836,-0.005259480208497499
price,C2,0.0,AAPL,later,178,0.5146520146520146,0.030745589405179942,0.27855006378607544,0.651685393258427,0,,True,0.009928894260378891,0.01263276055782367,-0.09942344922724726
price,C2,0.0,AMZN,later,179,0.5026282853566959,0.0053933053944735096,0.2885055381942335,0.6145251396648045,0,,True,0.013883868004648576,0.018641908002101002,-0.1901581804298397
price_F1,C0,0.01,AAPL,2018-03,62,0.471875,-0.058191817512585564,0.2672733210080698,0.3709677419354839,0,,,,,
price_F1,C0,0.1,AAPL,2018-03,62,0.45416666666666666,-0.09283444198266944,0.30903528156576027,0.41935483870967744,0,,,,,
price_F1,C0,1.0,AAPL,2018-03,62,0.421875,-0.1582405261068229,0.3313137519152147,0.41935483870967744,0,,,,,
price_F1,C0,0.01,AMZN,2018-03,62,0.40476190476190477,-0.22587697572631282,0.2686494974112544,0.7741935483870968,0,,,,,
price_F1,C0,0.1,AMZN,2018-03,62,0.4291005291005291,-0.15489104267951137,0.31261895823544994,0.7096774193548387,0,,,,,
price_F1,C0,1.0,AMZN,2018-03,62,0.42063492063492064,-0.16448792373994225,0.3441673512867106,0.6451612903225806,0,,,,,
price_F1,C0,0.01,AAPL,2018-04,63,0.6033266129032258,0.20665322580645162,0.24032748023232756,0.5079365079365079,0,,,,,
price_F1,C0,0.1,AAPL,2018-04,63,0.5403225806451613,0.08089015981310747,0.25186740042924555,0.5396825396825397,0,,,,,
price_F1,C0,1.0,AAPL,2018-04,63,0.49294354838709675,-0.014199045856176621,0.2959993885354377,0.5555555555555556,0,,,,,
price_F1,C0,0.01,AMZN,2018-04,63,0.48928571428571427,-0.025,0.25605462016220276,0.7619047619047619,0,,,,,
price_F1,C0,0.1,AMZN,2018-04,63,0.45357142857142857,-0.1039501159136702,0.2897552577565348,0.7301587301587301,0,,,,,
price_F1,C0,1.0,AMZN,2018-04,63,0.48214285714285715,-0.03866801405560912,0.336990495346742,0.6984126984126984,0,,,,,
price_F1,C0,0.01,AAPL,2018-05,66,0.5806150978564772,0.1603361211918254,0.24906210346757574,0.4696969696969697,0,,,,,
price_F1,C0,0.1,AAPL,2018-05,66,0.559645852749301,0.11846652815860344,0.26505373077412864,0.5151515151515151,0,,,,,
price_F1,C0,1.0,AAPL,2018-05,66,0.5018639328984157,0.0037020790049563574,0.27926013456316434,0.48484848484848486,0,,,,,
price_F1,C0,0.01,AMZN,2018-05,65,0.37475633528265107,-0.24831856714704026,0.25361792146847084,0.4461538461538462,0,,,,,
price_F1,C0,0.1,AMZN,2018-05,65,0.4819688109161793,-0.04739525030193474,0.2604118403471933,0.8307692307692308,0,,,,,
price_F1,C0,1.0,AMZN,2018-05,65,0.4873294346978557,-0.031219527052723132,0.2681327920828389,0.8,0,,,,,
price_F1,C0,0.01,AAPL,2018-06,63,0.5,0.0,0.26450546862740765,0.4444444444444444,0,,,,,
price_F1,C0,0.1,AAPL,2018-06,63,0.5092592592592593,0.01833088937766916,0.27461067788879784,0.49206349206349204,0,,,,,
price_F1,C0,1.0,AAPL,2018-06,63,0.5046296296296297,0.009174698042719672,0.2808119890979554,0.5238095238095238,0,,,,,
price_F1,C0,0.01,AMZN,2018-06,63,0.5016304347826087,0.0031434730673096573,0.249035061704171,0.5238095238095238,0,,,,,
price_F1,C0,0.1,AMZN,2018-06,63,0.5614130434782609,0.13322359637776165,0.24435977896142574,0.7301587301587301,0,,,,,
price_F1,C0,1.0,AMZN,2018-06,63,0.5706521739130435,0.14823347845758572,0.2399361724307292,0.6984126984126984,0,,,,,
price_F1,C0,0.01,AAPL,2018-07,60,0.5622710622710623,0.12326934324804635,0.242461918592062,0.36666666666666664,0,,,,,
price_F1,C0,0.1,AAPL,2018-07,60,0.5934065934065934,0.17910620335162064,0.23984283263580966,0.55,0,,,,,
price_F1,C0,1.0,AAPL,2018-07,60,0.6062271062271063,0.20449428010629328,0.24296249850050447,0.5666666666666667,0,,,,,
price_F1,C0,0.01,AMZN,2018-07,60,0.6,0.2364331218717302,0.24615498207809278,0.7666666666666667,0,,,,,
price_F1,C0,0.1,AMZN,2018-07,60,0.5666666666666667,0.15762208124782015,0.24659435393590382,0.7666666666666667,0,,,,,
price_F1,C0,1.0,AMZN,2018-07,60,0.44999999999999996,-0.11095900821829636,0.2562634118743856,0.7166666666666667,0,,,,,
price_F1,C0,0.01,AAPL,2018-08,69,0.6013071895424837,0.18118434052765828,0.2324208269035261,0.5942028985507246,0,,,,,
price_F1,C0,0.1,AAPL,2018-08,69,0.6486928104575164,0.2675683738126203,0.22185202567668394,0.6086956521739131,0,,,,,
price_F1,C0,1.0,AAPL,2018-08,69,0.6683006535947713,0.30749693852366405,0.21935041853631584,0.6376811594202898,0,,,,,
price_F1,C0,0.01,AMZN,2018-08,69,0.5646551724137931,0.13871773800577353,0.24471736752011827,0.6956521739130435,0,,,,,
price_F1,C0,0.1,AMZN,2018-08,69,0.5913793103448276,0.18615982608054538,0.23676380478412448,0.6231884057971014,0,,,,,
price_F1,C0,1.0,AMZN,2018-08,69,0.655603448275862,0.31282918502397344,0.23387249519238656,0.5942028985507246,0,,,,,
price_F1,C0,0.1,AAPL,2018-03,62,0.45416666666666666,-0.09283444198266944,0.30903528156576027,0.41935483870967744,0,True,,,,
price_F1,C0,0.1,AMZN,2018-03,62,0.4291005291005291,-0.15489104267951137,0.31261895823544994,0.7096774193548387,0,True,,,,
price_F1,C0,0.1,AAPL,2018-04,63,0.5403225806451613,0.08089015981310747,0.25186740042924555,0.5396825396825397,0,True,,,,
price_F1,C0,0.1,AMZN,2018-04,63,0.45357142857142857,-0.1039501159136702,0.2897552577565348,0.7301587301587301,0,True,,,,
price_F1,C0,0.1,AAPL,2018-05,66,0.559645852749301,0.11846652815860344,0.26505373077412864,0.5151515151515151,0,True,,,,
price_F1,C0,0.1,AMZN,2018-05,65,0.4819688109161793,-0.04739525030193474,0.2604118403471933,0.8307692307692308,0,True,,,,
price_F1,C0,0.1,AAPL,2018-06,63,0.5092592592592593,0.01833088937766916,0.27461067788879784,0.49206349206349204,0,True,,,,
price_F1,C0,0.1,AMZN,2018-06,63,0.5614130434782609,0.13322359637776165,0.24435977896142574,0.7301587301587301,0,True,,,,
price_F1,C0,0.1,AAPL,2018-07,60,0.5934065934065934,0.17910620335162064,0.23984283263580966,0.55,0,True,,,,
price_F1,C0,0.1,AMZN,2018-07,60,0.5666666666666667,0.15762208124782015,0.24659435393590382,0.7666666666666667,0,True,,,,
price_F1,C0,0.1,AAPL,2018-08,69,0.6486928104575164,0.2675683738126203,0.22185202567668394,0.6086956521739131,0,True,,,,
price_F1,C0,0.1,AMZN,2018-08,69,0.5913793103448276,0.18615982608054538,0.23676380478412448,0.6231884057971014,0,True,,,,
price_F1,C0,0.1,AAPL,development,126,0.5669371196754563,0.15176339216081405,0.24823410992176537,0.7380952380952381,0,,True,,,
price_F1,C0,0.1,AMZN,development,126,0.5343228200371057,0.0686456400742115,0.2739002606640089,0.6111111111111112,0,,True,,,
price_F1,C0,0.1,AAPL,later,178,0.515157256536567,0.0323315331681721,0.268948711167202,0.6741573033707865,0,,True,,,
price_F1,C0,0.1,AMZN,later,179,0.5138297872340425,0.0283790593375868,0.27097458729680307,0.6145251396648045,0,,True,,,
price_F1,C1,0.01,AAPL,2018-03,62,0.5229166666666667,0.05046083923495819,0.26541080532822986,0.2903225806451613,0,,,0.008666693866822842,0.011723541774433749,0.036793203204524165
price_F1,C1,0.1,AAPL,2018-03,62,0.5229166666666667,0.05046083923495819,0.26558506181591807,0.2903225806451613,0,,,0.008656716613446662,0.011712161833696163,0.032778356862059294
price_F1,C1,1.0,AAPL,2018-03,62,0.5229166666666667,0.05046083923495819,0.26703608954982,0.2903225806451613,0,,,0.00863265191248783,0.011643891898410414,0.0013266240529138929
price_F1,C1,10.0,AAPL,2018-03,62,0.5208333333333333,0.04351941398892446,0.26855402035966464,0.3548387096774194,0,,,0.008488570520663834,0.011341400791733153,-0.0720347613331576
price_F1,C1,0.01,AMZN,2018-03,62,0.44391534391534393,-0.11897352191392704,0.30718506526494815,0.3225806451612903,0,,,0.012584697219780736,0.01904296667603894,-0.476154225872119
price_F1,C1,0.1,AMZN,2018-03,62,0.44391534391534393,-0.11897352191392704,0.3070173798725731,0.3225806451612903,0,,,0.012562796180659573,0.018999364023153012,-0.4765833587897836
price_F1,C1,1.0,AMZN,2018-03,62,0.4296296296296296,-0.14744639577357763,0.30546709145404866,0.3387096774193548,0,,,0.012365914046812747,0.018623785103824057,-0.4797523755440724
price_F1,C1,10.0,AMZN,2018-03,62,0.3767195767195767,-0.24656084656084656,0.29574487757878465,0.43548387096774194,0,,,0.011422342316799623,0.01689443593205825,-0.47649380985478595
price_F1,C1,0.01,AAPL,2018-04,63,0.5075604838709677,0.015136233740515087,0.25650239238292155,0.47619047619047616,0,,,0.008162715897118804,0.01130991812968333,-0.004895703861558032
price_F1,C1,0.1,AAPL,2018-04,63,0.5075604838709677,0.015136233740515087,0.2563896460583712,0.47619047619047616,0,,,0.008152673847512172,0.011300271562696555,-0.00460009882945939
price_F1,C1,1.0,AAPL,2018-04,63,0.5231854838709677,0.0465118418925368,0.2553398107393117,0.4603174603174603,0,,,0.008071632571664258,0.011211923275991154,-0.000875181286592588
price_F1,C1,10.0,AAPL,2018-04,63,0.49143145161290325,-0.017189158960285337,0.24903394405064774,0.4603174603174603,0,,,0.007772430445144605,0.01070561610213353,0.046285253256118014
price_F1,C1,0.01,AMZN,2018-04,63,0.5178571428571428,0.03604686254552953,0.2780057056098202,0.5873015873015873,0,,,0.013725270453521697,0.0177283835809816,0.0009468656385130492
price_F1,C1,0.1,AMZN,2018-04,63,0.5178571428571428,0.03604686254552953,0.27777382243664567,0.5873015873015873,0,,,0.01369712557807624,0.01770109951783877,0.0011705478466244657
price_F1,C1,1.0,AMZN,2018-04,63,0.5178571428571428,0.03604686254552953,0.2758250175600031,0.5873015873015873,0,,,0.013459496930403556,0.01747363853450745,0.003250501683084561
price_F1,C1,10.0,AMZN,2018-04,63,0.5035714285714286,0.007254762501100117,0.26762186132034144,0.6031746031746031,0,,,0.012592306171437135,0.016540808251660998,0.01785508451693498
price_F1,C1,0.01,AAPL,2018-05,66,0.5205032618825722,0.043173289177634556,0.26075934461536426,0.3333333333333333,0,,,0.005903512755028346,0.007817346387187486,-0.043246578828623594
price_F1,C1,0.1,AAPL,2018-05,66,0.5205032618825722,0.043173289177634556,0.2606842669146319,0.3333333333333333,0,,,0.005900421517585218,0.0078124567975385315,-0.04248174582265186
price_F1,C1,1.0,AAPL,2018-05,66,0.5205032618825722,0.043173289177634556,0.2600005282582405,0.3333333333333333,0,,,0.005872099379189901,0.007768848510705059,-0.035381943434944524
price_F1,C1,10.0,AAPL,2018-05,66,0.5032618825722274,0.006795165414788764,0.2564161810783476,0.3484848484848485,0,,,0.005724469938665941,0.007564862748663234,0.004329125320469415
price_F1,C1,0.01,AMZN,2018-05,65,0.5253411306042886,0.05098127419345817,0.2562038880125529,0.4,0,,,0.00466356466761985,0.0059316163530584685,-0.112548969799878
price_F1,C1,0.1,AMZN,2018-05,65,0.5253411306042886,0.05098127419345817,0.2561881393711256,0.4,0,,,0.004661482258901945,0.005929022977183757,-0.11213038741952965
price_F1,C1,1.0,AMZN,2018-05,65,0.50682261208577,0.01364522417153996,0.25605477363226103,0.4153846153846154,0,,,0.004642395342128913,0.00590477401367485,-0.10826023510801083
price_F1,C1,10.0,AMZN,2018-05,65,0.49366471734892786,-0.012745318548364543,0.25561120218149663,0.4,0,,,0.0045334329418389675,0.005757767415236782,-0.08421290147404972
price_F1,C1,0.01,AAPL,2018-06,63,0.4907407407407407,-0.018731716231633878,0.2601841048664572,0.3968253968253968,0,,,0.004945022223241054,0.006132060976188303,0.0856234369252213
price_F1,C1,0.1,AAPL,2018-06,63,0.4907407407407407,-0.018731716231633878,0.2601889614490098,0.3968253968253968,0,,,0.004943930261843656,0.006131204857406025,0.08559526783111297
price_F1,C1,1.0,AAPL,2018-06,63,0.4907407407407407,-0.018731716231633878,0.26023089922312664,0.3968253968253968,0,,,0.004933326184824688,0.0061230189173004015,0.08538761335873024
price_F1,C1,10.0,AAPL,2018-06,63,0.4907407407407407,-0.018731716231633878,0.2603051325928166,0.3968253968253968,0,,,0.004860542971351149,0.006061940132776712,0.08698609928746323
price_F1,C1,0.01,AMZN,2018-06,63,0.45163043478260867,-0.09344533719400813,0.2571725776553399,0.4603174603174603,0,,,0.007274250813792816,0.00903279331460848,-0.012820722024366167
price_F1,C1,0.1,AMZN,2018-06,63,0.45163043478260867,-0.09344533719400813,0.2571748719443789,0.4603174603174603,0,,,0.007273683257595541,0.009031811338067214,-0.012908274834839977
price_F1,C1,1.0,AMZN,2018-06,63,0.45163043478260867,-0.09344533719400813,0.2571950284479428,0.4603174603174603,0,,,0.007268085259668997,0.00902224009877703,-0.013647882858923606
price_F1,C1,10.0,AMZN,2018-06,63,0.45163043478260867,-0.09344533719400813,0.2572885015761632,0.4603174603174603,0,,,0.007212119343298028,0.008943104275722943,-0.016542329252207038
price_F1,C1,0.01,AAPL,2018-07,60,0.5238095238095238,0.04882631260390283,0.2587613260526432,0.31666666666666665,0,,,0.005465291911095042,0.0070485837827556005,-0.0006494095363778782
price_F1,C1,0.1,AAPL,2018-07,60,0.5238095238095238,0.04882631260390283,0.2587336566227554,0.31666666666666665,0,,,0.005463116538533336,0.007046373325078885,-0.00036236249724062104
price_F1,C1,1.0,AAPL,2018-07,60,0.5238095238095238,0.04882631260390283,0.25846867420459924,0.31666666666666665,0,,,0.005442512301896125,0.007025320006640608,0.0024163179184076332
price_F1,C1,10.0,AAPL,2018-07,60,0.5238095238095238,0.04882631260390283,0.2565892583091152,0.31666666666666665,0,,,0.0052985924980255015,0.006882364160290884,0.023342324017563712
price_F1,C1,0.01,AMZN,2018-07,60,0.5499999999999999,0.1074861545850028,0.2500756768867762,0.31666666666666665,0,,,0.007220120780736241,0.009624265180986124,0.06321573845835253
price_F1,C1,0.1,AMZN,2018-07,60,0.5499999999999999,0.1074861545850028,0.25006737025534603,0.31666666666666665,0,,,0.007219829333362348,0.009623789671201746,0.06312402703951915
price_F1,C1,1.0,AMZN,2018-07,60,0.5499999999999999,0.1074861545850028,0.24999372384005417,0.31666666666666665,0,,,0.007217109304755044,0.009619370723831218,0.062239575388729165
price_F1,C1,10.0,AMZN,2018-07,60,0.55,0.11095900821829636,0.2496042686338284,0.2833333333333333,0,,,0.007195523595263939,0.009591295740092409,0.055936260212569124
price_F1,C1,0.01,AAPL,2018-08,69,0.5490196078431373,0.08766984219080239,0.24904026276536018,0.4057971014492754,0,,,0.005699960961776657,0.007517946381367,0.20354263687762814
price_F1,C1,0.1,AAPL,2018-08,69,0.5490196078431373,0.08766984219080239,0.24904848717272116,0.4057971014492754,0,,,0.005699305372056706,0.007517485731756346,0.20350278445817704
price_F1,C1,1.0,AAPL,2018-08,69,0.5490196078431373,0.08766984219080239,0.24912805589960296,0.4057971014492754,0,,,0.005692822642291015,0.007512968722183389,0.20311445404607975
price_F1,C1,10.0,AAPL,2018-08,69,0.5490196078431373,0.08766984219080239,0.2497255533540579,0.4057971014492754,0,,,0.0056533242171877985,0.007474420205160958,0.20006761314476706
price_F1,C1,0.01,AMZN,2018-08,69,0.5448275862068965,0.09206785013354643,0.24637286346233167,0.36231884057971014,0,,,0.005861850849300239,0.007531501730515085,0.1975402434624258
price_F1,C1,0.1,AMZN,2018-08,69,0.5448275862068965,0.09206785013354643,0.24638500129298263,0.36231884057971014,0,,,0.005862054308496957,0.007531324001276101,0.19742224700778344
price_F1,C1,1.0,AMZN,2018-08,69,0.5448275862068965,0.09206785013354643,0.24650499756062472,0.36231884057971014,0,,,0.005863951245689395,0.007529667644151626,0.1962511759474621
price_F1,C1,10.0,AMZN,2018-08,69,0.5745689655172413,0.1531513276259955,0.2474913128083877,0.36231884057971014,0,,,0.005872167428659745,0.007518133022922942,0.1856370242740815
price_F1,C1,0.01,AAPL,2018-03,62,0.5229166666666667,0.05046083923495819,0.26541080532822986,0.2903225806451613,0,True,,0.008666693866822842,0.011723541774433749,0.036793203204524165
price_F1,C1,0.01,AMZN,2018-03,62,0.44391534391534393,-0.11897352191392704,0.30718506526494815,0.3225806451612903,0,True,,0.012584697219780736,0.01904296667603894,-0.476154225872119
price_F1,C1,0.01,AAPL,2018-04,63,0.5075604838709677,0.015136233740515087,0.25650239238292155,0.47619047619047616,0,True,,0.008162715897118804,0.01130991812968333,-0.004895703861558032
price_F1,C1,0.01,AMZN,2018-04,63,0.5178571428571428,0.03604686254552953,0.2780057056098202,0.5873015873015873,0,True,,0.013725270453521697,0.0177283835809816,0.0009468656385130492
price_F1,C1,0.01,AAPL,2018-05,66,0.5205032618825722,0.043173289177634556,0.26075934461536426,0.3333333333333333,0,True,,0.005903512755028346,0.007817346387187486,-0.043246578828623594
price_F1,C1,0.01,AMZN,2018-05,65,0.5253411306042886,0.05098127419345817,0.2562038880125529,0.4,0,True,,0.00466356466761985,0.0059316163530584685,-0.112548969799878
price_F1,C1,0.01,AAPL,2018-06,63,0.4907407407407407,-0.018731716231633878,0.2601841048664572,0.3968253968253968,0,True,,0.004945022223241054,0.006132060976188303,0.0856234369252213
price_F1,C1,0.01,AMZN,2018-06,63,0.45163043478260867,-0.09344533719400813,0.2571725776553399,0.4603174603174603,0,True,,0.007274250813792816,0.00903279331460848,-0.012820722024366167
price_F1,C1,0.01,AAPL,2018-07,60,0.5238095238095238,0.04882631260390283,0.2587613260526432,0.31666666666666665,0,True,,0.005465291911095042,0.0070485837827556005,-0.0006494095363778782
price_F1,C1,0.01,AMZN,2018-07,60,0.5499999999999999,0.1074861545850028,0.2500756768867762,0.31666666666666665,0,True,,0.007220120780736241,0.009624265180986124,0.06321573845835253
price_F1,C1,0.01,AAPL,2018-08,69,0.5490196078431373,0.08766984219080239,0.24904026276536018,0.4057971014492754,0,True,,0.005699960961776657,0.007517946381367,0.20354263687762814
price_F1,C1,0.01,AMZN,2018-08,69,0.5448275862068965,0.09206785013354643,0.24637286346233167,0.36231884057971014,0,True,,0.005861850849300239,0.007531501730515085,0.1975402434624258
price_F1,C1,0.01,AAPL,development,126,0.5925456389452333,0.19457235392889838,0.24220929170940225,0.6587301587301587,0,,True,0.007119991855014646,0.009330249106400389,0.21197495033364128
price_F1,C1,0.01,AMZN,development,126,0.5287569573283859,0.0561041174971233,0.2578936554728454,0.5158730158730159,0,,True,0.011572104503612438,0.015478067193973344,0.0732418547236404
price_F1,C1,0.01,AAPL,later,178,0.5026525198938993,0.005457806937086034,0.2613627735772107,0.6179775280898876,0,,True,0.010593845697452342,0.013281529096231554,0.05537022782536686
price_F1,C1,0.01,AMZN,later,179,0.5544430538172715,0.11041685006199435,0.25559209457093707,0.5865921787709497,0,,True,0.014088625909668886,0.018906315865993787,0.06959693338672499
price_F1,C2,0.0,AAPL,2018-03,62,0.46875,-0.0625978857295168,0.35233077189956946,0.46774193548387094,0,,,0.007592050715048976,0.010121843182645123,0.012957202720766385
price_F1,C2,0.1,AAPL,2018-03,62,0.46875,-0.0625978857295168,0.3520490800430403,0.46774193548387094,0,,,0.007930925305573931,0.010747825097405359,0.1374119456135218
price_F1,C2,0.5,AAPL,2018-03,62,0.46875,-0.0625978857295168,0.3519784148710221,0.46774193548387094,0,,,0.008000503362936043,0.010928933658296525,0.13069002752023576
price_F1,C2,1.0,AAPL,2018-03,62,0.46875,-0.0625978857295168,0.3518507627700879,0.46774193548387094,0,,,0.008015416258317051,0.010955050642852317,0.13020820575065445
price_F1,C2,0.0,AMZN,2018-03,62,0.4777777777777778,-0.044657608470472246,0.37308774774938447,0.5806451612903226,0,,,0.008640785965400574,0.01212852525251014,-0.32740563523763594
price_F1,C2,0.1,AMZN,2018-03,62,0.4777777777777778,-0.044657608470472246,0.37455725931453426,0.5806451612903226,0,,,0.01076255519855342,0.015315700901409764,-0.3571131116990747
price_F1,C2,0.5,AMZN,2018-03,62,0.4777777777777778,-0.044657608470472246,0.3727017990981979,0.5806451612903226,0,,,0.010984789475019349,0.015703243570198585,-0.3752381744414541
price_F1,C2,1.0,AMZN,2018-03,62,0.4777777777777778,-0.044657608470472246,0.37209184779504595,0.5806451612903226,0,,,0.011017665970173125,0.015765892837259526,-0.3764902559213785
price_F1,C2,0.0,AAPL,2018-04,63,0.44506048387096775,-0.11021284274535893,0.324592287244091,0.5396825396825397,0,,,0.007548466537221779,0.009912839442044524,0.023212302399048354
price_F1,C2,0.1,AAPL,2018-04,63,0.44506048387096775,-0.11021284274535893,0.32491155864595594,0.5396825396825397,0,,,0.008012308219324391,0.011343014804350272,-0.02838440646919668
price_F1,C2,0.5,AAPL,2018-04,63,0.44506048387096775,-0.11021284274535893,0.3251025626089374,0.5396825396825397,0,,,0.008119631859953706,0.011428149995927134,-0.029708528342646878
price_F1,C2,1.0,AAPL,2018-04,63,0.44506048387096775,-0.11021284274535893,0.32523140009364965,0.5396825396825397,0,,,0.008135898761457223,0.01143982884159591,-0.029247948757467945
price_F1,C2,0.0,AMZN,2018-04,63,0.49642857142857144,-0.007624928516630234,0.35969973891832946,0.6825396825396826,0,,,0.010747855109303686,0.01402070267249444,0.06290002658148955
price_F1,C2,0.1,AMZN,2018-04,63,0.49642857142857144,-0.007624928516630234,0.3598480825065195,0.6825396825396826,0,,,0.01266707915105738,0.016629387978511056,-0.00429140427729943
price_F1,C2,0.5,AMZN,2018-04,63,0.5107142857142857,0.02258769757263128,0.3598553364415135,0.6666666666666666,0,,,0.013018882176623519,0.017018964033077854,-0.015160388451203906
price_F1,C2,1.0,AMZN,2018-04,63,0.49642857142857144,-0.007624928516630234,0.35993764626057495,0.6825396825396826,0,,,0.013060438495463648,0.01706972740208019,-0.016828523017833743
price_F1,C2,0.0,AAPL,2018-05,66,0.5018639328984157,0.0037020790049563574,0.283937717562707,0.48484848484848486,0,,,0.004796802258522767,0.006371796790286799,-0.01350521129980339
price_F1,C2,0.1,AAPL,2018-05,66,0.5191053122087605,0.03799873392407423,0.28414802110118426,0.4696969696969697,0,,,0.005757043647326558,0.007247971606498021,0.023528193305822676
price_F1,C2,0.5,AAPL,2018-05,66,0.5191053122087605,0.03799873392407423,0.28414003910424174,0.4696969696969697,0,,,0.005813874731437968,0.0073176981465022045,0.007167314838541924
price_F1,C2,1.0,AAPL,2018-05,66,0.5191053122087605,0.03799873392407423,0.2841659108906052,0.4696969696969697,0,,,0.005821178041625455,0.007328265493610856,0.0050228370924693955
price_F1,C2,0.0,AMZN,2018-05,65,0.46881091617933723,-0.07922782539050426,0.27107990081160427,0.8153846153846154,0,,,0.003950637297505279,0.005095337665167509,-0.15359377567316296
price_F1,C2,0.1,AMZN,2018-05,65,0.46881091617933723,-0.07922782539050426,0.27125730012248994,0.8153846153846154,0,,,0.004357860415240027,0.005378376077179121,-0.037687628481907445
price_F1,C2,0.5,AMZN,2018-05,65,0.5004873294346979,0.001237934771726629,0.27165987708780825,0.8153846153846154,0,,,0.004405689513247859,0.0054262545186093076,-0.03483245847025839
price_F1,C2,1.0,AMZN,2018-05,65,0.4873294346978557,-0.031219527052723132,0.27144718442997495,0.8,0,,,0.004411532008325073,0.005433725314074928,-0.03446051109053057
price_F1,C2,0.0,AAPL,2018-06,63,0.5046296296296297,0.009174698042719672,0.28223386810282153,0.5238095238095238,0,,,0.004186775923559521,0.005565909765920029,0.10488572813059464
price_F1,C2,0.1,AAPL,2018-06,63,0.5046296296296297,0.009174698042719672,0.2822427158588851,0.5238095238095238,0,,,0.004953348676899721,0.006106145262430785,0.042084799063376574
price_F1,C2,0.5,AAPL,2018-06,63,0.5046296296296297,0.009174698042719672,0.28218617497297577,0.5238095238095238,0,,,0.004989166136706839,0.006139372320848474,0.04163269275179351
price_F1,C2,1.0,AAPL,2018-06,63,0.5046296296296297,0.009174698042719672,0.28218900237531824,0.5238095238095238,0,,,0.00499300133870215,0.006144119329297069,0.04180497773411327
price_F1,C2,0.0,AMZN,2018-06,63,0.5706521739130435,0.14823347845758572,0.23906622853404882,0.6984126984126984,0,,,0.006076188815193903,0.008122422906860865,0.08495150688036984
price_F1,C2,0.1,AMZN,2018-06,63,0.5706521739130435,0.14823347845758572,0.23946593149061107,0.6984126984126984,0,,,0.006541495508682051,0.008337140631217382,0.14428403706240323
price_F1,C2,0.5,AMZN,2018-06,63,0.5706521739130435,0.14823347845758572,0.2397463394862903,0.6984126984126984,0,,,0.006618662043775981,0.008394358233483747,0.1459422724277883
price_F1,C2,1.0,AMZN,2018-06,63,0.5706521739130435,0.14823347845758572,0.2395108840657379,0.6984126984126984,0,,,0.006625971271901578,0.008400453278169828,0.14681421953828655
price_F1,C2,0.0,AAPL,2018-07,60,0.6062271062271063,0.20449428010629328,0.24349617687676492,0.5666666666666667,0,,,0.0045552269687319895,0.0062229372037670766,0.10723865480282421
price_F1,C2,0.1,AAPL,2018-07,60,0.6062271062271063,0.20449428010629328,0.24369507347226985,0.5666666666666667,0,,,0.005124354706611048,0.006787629656827938,-0.032714903766018724
price_F1,C2,0.5,AAPL,2018-07,60,0.6062271062271063,0.20449428010629328,0.24370418403845232,0.5666666666666667,0,,,0.005240049700014372,0.006907635582077887,-0.06319130199321242
price_F1,C2,1.0,AAPL,2018-07,60,0.6062271062271063,0.20449428010629328,0.24375011503067717,0.5666666666666667,0,,,0.005258113013306286,0.00692445701767614,-0.06687958331040822
price_F1,C2,0.0,AMZN,2018-07,60,0.4666666666666667,-0.07273929674533079,0.25926330254966456,0.7,0,,,0.007059088984885705,0.009457096195176505,-0.0546967925514075
price_F1,C2,0.1,AMZN,2018-07,60,0.44999999999999996,-0.11095900821829636,0.25904312313606964,0.7166666666666667,0,,,0.0068753450759367445,0.00969890710688597,-0.022047816721666762
price_F1,C2,0.5,AMZN,2018-07,60,0.44999999999999996,-0.11095900821829636,0.2592744031719187,0.7166666666666667,0,,,0.006869662818229144,0.00970869840509426,-0.011610098571724901
price_F1,C2,1.0,AMZN,2018-07,60,0.44999999999999996,-0.11095900821829636,0.25933878080446715,0.7166666666666667,0,,,0.006875394805553296,0.009713706510887944,-0.0121580549718315
price_F1,C2,0.0,AAPL,2018-08,69,0.6683006535947713,0.30749693852366405,0.21908305422797397,0.6376811594202898,0,,,0.005061628234610123,0.007105539776119009,0.17562254207099512
price_F1,C2,0.1,AAPL,2018-08,69,0.6683006535947713,0.30749693852366405,0.2190365037614784,0.6376811594202898,0,,,0.005164556332296898,0.007096654725654892,0.2503525083751212
price_F1,C2,0.5,AAPL,2018-08,69,0.6683006535947713,0.30749693852366405,0.21898537413651384,0.6376811594202898,0,,,0.005213816659312925,0.007132503137483952,0.25864220122570497
price_F1,C2,1.0,AAPL,2018-08,69,0.6683006535947713,0.30749693852366405,0.21899225253120072,0.6376811594202898,0,,,0.005218899790940604,0.0071357085351201185,0.25982399750562907
price_F1,C2,0.0,AMZN,2018-08,69,0.6258620689655172,0.25303634910526385,0.23332661407183136,0.5942028985507246,0,,,0.005772522206386607,0.007305370611940526,0.20914881431185572
price_F1,C2,0.1,AMZN,2018-08,69,0.643103448275862,0.28620689655172415,0.23342152828352133,0.5797101449275363,0,,,0.005647265910807282,0.007198169688432774,0.2247987122611749
price_F1,C2,0.5,AMZN,2018-08,69,0.643103448275862,0.28620689655172415,0.23351099791763122,0.5797101449275363,0,,,0.005674779085152563,0.007235735152365948,0.22074903970249624
price_F1,C2,1.0,AMZN,2018-08,69,0.643103448275862,0.28620689655172415,0.2335614023056489,0.5797101449275363,0,,,0.005676488103363683,0.007237768919610793,0.2219013620535699
price_F1,C2,0.5,AAPL,2018-03,62,0.46875,-0.0625978857295168,0.3519784148710221,0.46774193548387094,0,True,,0.008000503362936043,0.010928933658296525,0.13069002752023576
price_F1,C2,0.5,AMZN,2018-03,62,0.4777777777777778,-0.044657608470472246,0.3727017990981979,0.5806451612903226,0,True,,0.010984789475019349,0.015703243570198585,-0.3752381744414541
price_F1,C2,0.5,AAPL,2018-04,63,0.44506048387096775,-0.11021284274535893,0.3251025626089374,0.5396825396825397,0,True,,0.008119631859953706,0.011428149995927134,-0.029708528342646878
price_F1,C2,0.5,AMZN,2018-04,63,0.5107142857142857,0.02258769757263128,0.3598553364415135,0.6666666666666666,0,True,,0.013018882176623519,0.017018964033077854,-0.015160388451203906
price_F1,C2,0.5,AAPL,2018-05,66,0.5191053122087605,0.03799873392407423,0.28414003910424174,0.4696969696969697,0,True,,0.005813874731437968,0.0073176981465022045,0.007167314838541924
price_F1,C2,0.5,AMZN,2018-05,65,0.5004873294346979,0.001237934771726629,0.27165987708780825,0.8153846153846154,0,True,,0.004405689513247859,0.0054262545186093076,-0.03483245847025839
price_F1,C2,0.5,AAPL,2018-06,63,0.5046296296296297,0.009174698042719672,0.28218617497297577,0.5238095238095238,0,True,,0.004989166136706839,0.006139372320848474,0.04163269275179351
price_F1,C2,0.5,AMZN,2018-06,63,0.5706521739130435,0.14823347845758572,0.2397463394862903,0.6984126984126984,0,True,,0.006618662043775981,0.008394358233483747,0.1459422724277883
price_F1,C2,0.5,AAPL,2018-07,60,0.6062271062271063,0.20449428010629328,0.24370418403845232,0.5666666666666667,0,True,,0.005240049700014372,0.006907635582077887,-0.06319130199321242
price_F1,C2,0.5,AMZN,2018-07,60,0.44999999999999996,-0.11095900821829636,0.2592744031719187,0.7166666666666667,0,True,,0.006869662818229144,0.00970869840509426,-0.011610098571724901
price_F1,C2,0.5,AAPL,2018-08,69,0.6683006535947713,0.30749693852366405,0.21898537413651384,0.6376811594202898,0,True,,0.005213816659312925,0.007132503137483952,0.25864220122570497
price_F1,C2,0.5,AMZN,2018-08,69,0.643103448275862,0.28620689655172415,0.23351099791763122,0.5797101449275363,0,True,,0.005674779085152563,0.007235735152365948,0.22074903970249624
price_F1,C2,0.5,AAPL,development,126,0.5484279918864097,0.10599833522235637,0.2507935664874187,0.7063492063492064,0,,True,0.007447319499692833,0.009773475258623422,0.0451155189510419
price_F1,C2,0.5,AMZN,development,126,0.4935064935064935,-0.012824880070183379,0.29782276998152013,0.5793650793650794,0,,True,0.011625264357786892,0.015515291976021065,0.07834700216697178
price_F1,C2,0.5,AAPL,later,178,0.5203991410887963,0.0429699008402495,0.2756572192302804,0.6573033707865169,0,,True,0.010531980954291706,0.013199322682333673,0.04492156102472285
price_F1,C2,0.5,AMZN,later,179,0.49730913642052565,-0.005507224706022116,0.2848530498010944,0.6089385474860335,0,,True,0.014037830702591767,0.018833068703615004,0.08921799349971293
