symbol,period,variant,n,direction_changed,P0_wrong_new_right,P0_right_new_wrong,both_right,both_wrong,mean_absolute_probability_change,P0_BA,new_BA,BA_difference,P0_Brier,new_Brier,Brier_difference
AAPL,test,P1,178,30,15,15,69,79,0.03541290117168577,0.47619047619047616,0.4792219274977896,0.0030314513073134153,0.2564836089710171,0.25532538710681485,-0.0011582218642022246
AAPL,test,P2,178,71,38,33,51,56,0.06973310946688352,0.47619047619047616,0.4953265125678919,0.019136036377415733,0.2564836089710171,0.25257540596476535,-0.00390820300625172
AAPL,test,P3,178,73,38,35,49,56,0.07000732272526182,0.47619047619047616,0.4838322596943287,0.007641783503852528,0.2564836089710171,0.2538686126001709,-0.0026149963708461677
AAPL,2018-11,P1,60,15,6,9,23,22,0.042126649870209296,0.5339265850945495,0.4755283648498332,-0.0583982202447163,0.24135983449574075,0.2497986452377714,0.00843881074203065
AAPL,2018-11,P2,60,16,8,8,24,20,0.06068817129762195,0.5339265850945495,0.542825361512792,0.008898776418242549,0.24135983449574075,0.24696404982000503,0.005604215324264278
AAPL,2018-11,P3,60,16,7,9,23,21,0.06319435788570035,0.5339265850945495,0.5094549499443827,-0.024471635150166815,0.24135983449574075,0.24809662251054032,0.006736788014799572
AAPL,2018-12,P1,53,6,2,4,16,31,0.03137869255930563,0.445046439628483,0.42724458204334365,-0.017801857585139358,0.27868456679021464,0.2724262530911402,-0.006258313699074425
AAPL,2018-12,P2,53,23,16,7,13,17,0.07478020969353176,0.445046439628483,0.49613003095975233,0.05108359133126933,0.27868456679021464,0.25323826025070484,-0.0254463065395098
AAPL,2018-12,P3,53,24,16,8,12,17,0.07317669104625382,0.445046439628483,0.4698142414860681,0.024767801857585092,0.27868456679021464,0.25513164259231175,-0.02355292419790289
AAPL,2019-01,P1,63,9,7,2,30,24,0.032466632749969644,0.4495841995841996,0.5171517671517671,0.06756756756756754,0.24929771572311954,0.24448059863675134,-0.0048171170863682
AAPL,2019-01,P2,63,31,13,18,14,18,0.07275193049777304,0.4495841995841996,0.4563409563409564,0.006756756756756799,0.24929771572311954,0.2581133924978614,0.008815676774741876
AAPL,2019-01,P3,63,31,13,18,14,18,0.07224286243840343,0.4495841995841996,0.4563409563409564,0.006756756756756799,0.24929771572311954,0.25933977070247693,0.010042054979357395
AAPL,2019-02,P1,2,0,0,0,0,2,0.03371442372811201,,,,0.34822709832934284,0.3095655314004964,-0.038661566928846425
AAPL,2019-02,P2,2,1,1,0,0,1,0.11224023606553196,,,,0.34822709832934284,0.22890387593765874,-0.11932322239168411
AAPL,2019-02,P3,2,2,2,0,0,0,0.11998850644185727,,,,0.34822709832934284,0.22121654027471815,-0.1270105580546247
AAPL,validation,P1,126,10,8,2,50,66,0.03033167284438984,0.44447261663286003,0.49873225152129813,0.0542596348884381,0.27598328130012223,0.2654506779094089,-0.010532603390713324
AAPL,validation,P2,126,17,10,7,45,64,0.05754227325739399,0.44447261663286003,0.457657200811359,0.013184584178498993,0.27598328130012223,0.25942265144646065,-0.01656062985366158
AAPL,validation,P3,126,16,9,7,45,65,0.058316662325701686,0.44447261663286003,0.45030425963488846,0.0058316430020284304,0.27598328130012223,0.2596108890539958,-0.01637239224612641
AAPL,2018-09,P1,57,2,1,1,28,27,0.034581921816216075,0.5166256157635468,0.5172413793103449,0.0006157635467980427,0.26725574862494855,0.26058117722529806,-0.006674571399650497
AAPL,2018-09,P2,57,6,3,3,26,25,0.05840135435096088,0.5166256157635468,0.5147783251231527,-0.001847290640394128,0.26725574862494855,0.2540075583747182,-0.01324819025023033
AAPL,2018-09,P3,57,6,3,3,26,25,0.058230579877882854,0.5166256157635468,0.5147783251231527,-0.001847290640394128,0.26725574862494855,0.2539382550882653,-0.013317493536683267
AAPL,2018-10,P1,69,8,7,1,22,39,0.02682059760679426,0.37948717948717947,0.48333333333333334,0.10384615384615387,0.2831929822057004,0.26947330890932664,-0.013719673296373747
AAPL,2018-10,P2,69,11,7,4,19,39,0.05683259757140395,0.37948717948717947,0.4025641025641026,0.023076923076923106,0.2831929822057004,0.26389598920137836,-0.019296993004322027
AAPL,2018-10,P3,69,10,6,4,19,40,0.058387773913030266,0.37948717948717947,0.38974358974358975,0.010256410256410275,0.2831929822057004,0.264296977982208,-0.018896004223492358
AMZN,test,P1,179,4,3,1,94,81,0.0075008700071992505,0.5165832290362954,0.5266583229036296,0.010075093867334184,0.24536214439278387,0.24562049168635752,0.0002583472935736575
AMZN,test,P2,179,34,15,19,76,69,0.022434331786769256,0.5165832290362954,0.49981226533166456,-0.016770963704630826,0.24536214439278387,0.2459940223936353,0.0006318780008514324
AMZN,test,P3,179,34,15,19,76,69,0.02240236007360223,0.5165832290362954,0.49981226533166456,-0.016770963704630826,0.24536214439278387,0.2460133791279136,0.0006512347351297354
AMZN,2018-11,P1,60,0,0,0,40,20,0.008415698019469592,0.5972222222222222,0.5972222222222222,0.0,0.23068326960116953,0.23125174326598702,0.0005684736648174926
AMZN,2018-11,P2,60,12,3,9,31,17,0.02681720770611942,0.5972222222222222,0.5347222222222222,-0.0625,0.23068326960116953,0.23897288790871907,0.00828961830754954
AMZN,2018-11,P3,60,12,3,9,31,17,0.026731362060946454,0.5972222222222222,0.5347222222222222,-0.0625,0.23068326960116953,0.23902039457459792,0.008337124973428395
AMZN,2018-12,P1,54,0,0,0,25,29,0.00775864640864114,0.5616541353383459,0.5616541353383459,0.0,0.24937834854821045,0.249409216423774,3.086787556355608e-05
AMZN,2018-12,P2,54,10,5,5,20,24,0.02692828552669622,0.5616541353383459,0.5015037593984962,-0.06015037593984962,0.24937834854821045,0.2432406067575018,-0.00613774179070864
AMZN,2018-12,P3,54,10,5,5,20,24,0.026970680060693378,0.5616541353383459,0.5015037593984962,-0.06015037593984962,0.24937834854821045,0.2431985519511022,-0.006179796597108239
AMZN,2019-01,P1,63,4,3,1,28,31,0.006646776889743949,0.4226315789473684,0.4421052631578948,0.019473684210526365,0.255388793382011,0.25555496608645867,0.00016617270444768684
AMZN,2019-01,P2,63,12,7,5,24,27,0.015120404905125949,0.4226315789473684,0.44894736842105265,0.026315789473684237,0.255388793382011,0.25455017624546644,-0.0008386171365445394
AMZN,2019-01,P3,63,12,7,5,24,27,0.015074984226040783,0.4226315789473684,0.44894736842105265,0.026315789473684237,0.255388793382011,0.2545959764840167,-0.000792816897994264
AMZN,2019-02,P1,2,0,0,0,1,1,0.0,0.5,0.5,0.0,0.26145143278404165,0.26145143278404165,0.0
AMZN,2019-02,P2,2,0,0,0,1,1,0.0,0.5,0.5,0.0,0.26145143278404165,0.26145143278404165,0.0
AMZN,2019-02,P3,2,0,0,0,1,1,0.0,0.5,0.5,0.0,0.26145143278404165,0.26145143278404165,0.0
AMZN,validation,P1,126,7,4,3,50,69,0.008101684754648708,0.474025974025974,0.4879406307977736,0.013914656771799594,0.2682958497064863,0.26603989429355596,-0.0022559554129303327
AMZN,validation,P2,126,32,22,10,43,51,0.029118043240910614,0.474025974025974,0.5371057513914657,0.06307977736549164,0.2682958497064863,0.2556858638328562,-0.012609985873630103
AMZN,validation,P3,126,31,21,10,43,52,0.029136207194376398,0.474025974025974,0.5306122448979592,0.0565862708719852,0.2682958497064863,0.25571271822612046,-0.012583131480365828
AMZN,2018-09,P1,57,6,4,2,23,28,0.009359720325812095,0.44273399014778325,0.47844827586206895,0.0357142857142857,0.26124371713199784,0.2573353833273182,-0.003908333804679642
AMZN,2018-09,P2,57,11,6,5,20,26,0.0243808560243108,0.44273399014778325,0.4599753694581281,0.017241379310344862,0.26124371713199784,0.2566354584492583,-0.004608258682739563
AMZN,2018-09,P3,57,10,5,5,20,27,0.024380841905437364,0.44273399014778325,0.44273399014778325,0.0,0.26124371713199784,0.25673510174786157,-0.004508615384136272
AMZN,2018-10,P1,69,1,0,1,27,41,0.00706243797847026,0.5059523809523809,0.49553571428571425,-0.010416666666666685,0.2741215244419333,0.2732305772656654,-0.0008909471762678645
AMZN,2018-10,P2,69,21,16,5,23,25,0.033031371811145245,0.5059523809523809,0.5669642857142857,0.06101190476190477,0.2741215244419333,0.2549014161062632,-0.01922010833567006
AMZN,2018-10,P3,69,21,16,5,23,25,0.033064552433065164,0.5059523809523809,0.5669642857142857,0.06101190476190477,0.2741215244419333,0.25486814053424733,-0.01925338390768594
