group,symbol,month,method,C,n,BA,MCC,Brier,ECE10,pred_up,up_rate,constant
AAPL|R0,AAPL,2018-03,R0,0.01,62,0.43645833333333334,-0.1272823676500175,0.26631839316631756,0.10908623959345848,0.46774193548387094,0.5161290322580645,False
AAPL|R0,AAPL,2018-03,R0,0.1,62,0.453125,-0.09414308348501883,0.3152197267325888,0.2406389024760921,0.45161290322580644,0.5161290322580645,False
AAPL|R0,AAPL,2018-03,R0,1.0,62,0.46979166666666666,-0.060894276207042165,0.34145232502610606,0.291508079043868,0.43548387096774194,0.5161290322580645,False
AAPL|R1,AAPL,2018-03,R1,0.01,62,0.471875,-0.058191817512585564,0.26874469323891487,0.12388504362497763,0.3709677419354839,0.5161290322580645,False
AAPL|R1,AAPL,2018-03,R1,0.1,62,0.42291666666666666,-0.15817166261312793,0.3121820509569317,0.25760640729626044,0.3870967741935484,0.5161290322580645,False
AAPL|R1,AAPL,2018-03,R1,1.0,62,0.421875,-0.1582405261068229,0.32905712222021355,0.31231440415178224,0.41935483870967744,0.5161290322580645,False
AAPL|R2,AAPL,2018-03,R2,0.01,62,0.5510416666666667,0.10338381038979097,0.25157061763876043,0.07097623663304925,0.41935483870967744,0.5161290322580645,False
AAPL|R2,AAPL,2018-03,R2,0.1,62,0.5479166666666666,0.09583333333333334,0.2601721918587041,0.09752503793128565,0.5161290322580645,0.5161290322580645,False
AAPL|R2,AAPL,2018-03,R2,1.0,62,0.48020833333333335,-0.04061164310337068,0.27338100080301075,0.1771577678293536,0.6129032258064516,0.5161290322580645,False
AAPL|R0,AAPL,2018-04,R0,0.01,63,0.5090725806451613,0.01833088937766916,0.24508913444570998,0.03888300188099851,0.5714285714285714,0.49206349206349204,False
AAPL|R0,AAPL,2018-04,R0,0.1,63,0.5246975806451613,0.049696660496618174,0.2510087397847061,0.0959490096039877,0.5555555555555556,0.49206349206349204,False
AAPL|R0,AAPL,2018-04,R0,1.0,63,0.5246975806451613,0.049696660496618174,0.2842764907752724,0.18739381334096536,0.5555555555555556,0.49206349206349204,False
AAPL|R1,AAPL,2018-04,R1,0.01,63,0.5564516129032258,0.11359236684941297,0.2427480052414925,0.04724445607608044,0.5555555555555556,0.49206349206349204,False
AAPL|R1,AAPL,2018-04,R1,0.1,63,0.5090725806451613,0.01833088937766916,0.2550999862452743,0.1921730403659045,0.5714285714285714,0.49206349206349204,False
AAPL|R1,AAPL,2018-04,R1,1.0,63,0.46169354838709675,-0.07779832024680092,0.2983687779228576,0.2774373929901647,0.5873015873015873,0.49206349206349204,False
AAPL|R2,AAPL,2018-04,R2,0.01,63,0.5241935483870968,0.04843594796964828,0.24449623912264237,0.060985422873109915,0.5238095238095238,0.49206349206349204,False
AAPL|R2,AAPL,2018-04,R2,0.1,63,0.5725806451612903,0.14664711502135327,0.2437541895264036,0.08252552739910109,0.5714285714285714,0.49206349206349204,False
AAPL|R2,AAPL,2018-04,R2,1.0,63,0.5740927419354839,0.15715463927342804,0.2447295446145401,0.09890924387851778,0.6666666666666666,0.49206349206349204,False
AAPL|R0,AAPL,2018-05,R0,0.01,66,0.4808946877912395,-0.03799873392407423,0.2491812419766098,0.07410284049873517,0.5303030303030303,0.5606060606060606,False
AAPL|R0,AAPL,2018-05,R0,0.1,66,0.5326188257222739,0.06478638258673626,0.2585956163940415,0.07031466608151976,0.48484848484848486,0.5606060606060606,False
AAPL|R0,AAPL,2018-05,R0,1.0,66,0.5535880708294502,0.10717614165890028,0.26539336966452426,0.11848744318924789,0.4393939393939394,0.5606060606060606,False
AAPL|R1,AAPL,2018-05,R1,0.01,66,0.5671015843429636,0.13376754398878044,0.24930082061036912,0.09423569976851875,0.45454545454545453,0.5606060606060606,False
AAPL|R1,AAPL,2018-05,R1,0.1,66,0.5671015843429636,0.13376754398878044,0.265525187100567,0.13233324528970997,0.45454545454545453,0.5606060606060606,False
AAPL|R1,AAPL,2018-05,R1,1.0,66,0.5535880708294502,0.10717614165890028,0.28220642845277827,0.14488546728891172,0.4393939393939394,0.5606060606060606,False
AAPL|R2,AAPL,2018-05,R2,0.01,66,0.5880708294501398,0.17780655090913838,0.244687609411497,0.06452136627167608,0.4090909090909091,0.5606060606060606,False
AAPL|R2,AAPL,2018-05,R2,0.1,66,0.5843429636533084,0.16868592730661697,0.24518360914442078,0.06701701011332493,0.4393939393939394,0.5606060606060606,False
AAPL|R2,AAPL,2018-05,R2,1.0,66,0.570829450139795,0.14225675995968393,0.25118246443406916,0.0866738247820916,0.42424242424242425,0.5606060606060606,False
AAPL|R0,AAPL,2018-06,R0,0.01,63,0.4629629629629629,-0.0761386987626881,0.25633566745866415,0.09067886953014972,0.36507936507936506,0.5714285714285714,False
AAPL|R0,AAPL,2018-06,R0,0.1,63,0.4722222222222222,-0.055843559328745504,0.2725563701126055,0.20099226313248153,0.4126984126984127,0.5714285714285714,False
AAPL|R0,AAPL,2018-06,R0,1.0,63,0.43981481481481477,-0.12099437854561525,0.2828187893607408,0.19543114962633584,0.4126984126984127,0.5714285714285714,False
AAPL|R1,AAPL,2018-06,R1,0.01,63,0.4907407407407407,-0.018731716231633878,0.2663216143320161,0.12836269912693346,0.3968253968253968,0.5714285714285714,False
AAPL|R1,AAPL,2018-06,R1,0.1,63,0.4537037037037037,-0.09259259259259259,0.27822867749208713,0.18183580282316764,0.42857142857142855,0.5714285714285714,False
AAPL|R1,AAPL,2018-06,R1,1.0,63,0.44907407407407407,-0.10112618056102679,0.2836019065934284,0.18413645382179522,0.4603174603174603,0.5714285714285714,False
AAPL|R2,AAPL,2018-06,R2,0.01,63,0.47685185185185186,-0.047178209756024825,0.26150007467302777,0.1274166449167652,0.38095238095238093,0.5714285714285714,False
AAPL|R2,AAPL,2018-06,R2,0.1,63,0.4907407407407407,-0.018731716231633878,0.26491279270757173,0.1454585220216612,0.3968253968253968,0.5714285714285714,False
AAPL|R2,AAPL,2018-06,R2,1.0,63,0.48611111111111116,-0.027777777777777776,0.26620146688459423,0.1492403151296848,0.42857142857142855,0.5714285714285714,False
AAPL|R0,AAPL,2018-07,R0,0.01,60,0.5512820512820513,0.09985744825254635,0.24882775673199287,0.1583611263429353,0.4,0.65,False
AAPL|R0,AAPL,2018-07,R0,0.1,60,0.5384615384615384,0.07546295692968115,0.2484541238599816,0.15761188828496442,0.38333333333333336,0.65,False
AAPL|R0,AAPL,2018-07,R0,1.0,60,0.5622710622710623,0.12326934324804635,0.25257126305587874,0.16053168752984429,0.36666666666666664,0.65,False
AAPL|R1,AAPL,2018-07,R1,0.01,60,0.586080586080586,0.17216117216117216,0.24446613983237067,0.16952337600547288,0.35,0.65,False
AAPL|R1,AAPL,2018-07,R1,0.1,60,0.641025641025641,0.26920937709142984,0.2402622751771922,0.16291676484778272,0.5166666666666667,0.65,False
AAPL|R1,AAPL,2018-07,R1,1.0,60,0.6043956043956045,0.19928486356118832,0.24240342849309598,0.16411812330042008,0.5166666666666667,0.65,False
AAPL|R2,AAPL,2018-07,R2,0.01,60,0.575091575091575,0.1473324397198537,0.23921657337996985,0.14920401220207513,0.38333333333333336,0.65,False
AAPL|R2,AAPL,2018-07,R2,0.1,60,0.6666666666666666,0.3195816569607349,0.2311332868843767,0.13591263287528507,0.55,0.65,False
AAPL|R2,AAPL,2018-07,R2,1.0,60,0.6556776556776557,0.301227212573792,0.23045806346294198,0.1409882324274969,0.5833333333333334,0.65,False
AAPL|R0,AAPL,2018-08,R0,0.01,69,0.5277777777777778,0.05121969142940493,0.23840409450057107,0.21466701650418646,0.6521739130434783,0.7391304347826086,False
AAPL|R0,AAPL,2018-08,R0,0.1,69,0.5555555555555556,0.10150384378451047,0.2294482937430287,0.20278701644006694,0.6376811594202898,0.7391304347826086,False
AAPL|R0,AAPL,2018-08,R0,1.0,69,0.5457516339869282,0.08291575195885001,0.22780397160256885,0.20188755085782184,0.6231884057971014,0.7391304347826086,False
AAPL|R1,AAPL,2018-08,R1,0.01,69,0.5081699346405228,0.014806384278366074,0.2338478164075101,0.20709761110464317,0.6231884057971014,0.7391304347826086,False
AAPL|R1,AAPL,2018-08,R1,0.1,69,0.5849673202614378,0.16011904396842466,0.22189551634367582,0.1943017231240457,0.6811594202898551,0.7391304347826086,False
AAPL|R1,AAPL,2018-08,R1,1.0,69,0.6127450980392157,0.21004201260420147,0.21872420414696947,0.188655959581471,0.6666666666666666,0.7391304347826086,False
AAPL|R2,AAPL,2018-08,R2,0.01,69,0.488562091503268,-0.020456296511187223,0.23330845195534497,0.21776203960090013,0.5942028985507246,0.7391304347826086,False
AAPL|R2,AAPL,2018-08,R2,0.1,69,0.5473856209150327,0.08929715913623683,0.22548782614533228,0.18625848603085393,0.6811594202898551,0.7391304347826086,False
AAPL|R2,AAPL,2018-08,R2,1.0,69,0.5751633986928104,0.14002800840280097,0.22389633740760106,0.21047763801312422,0.6666666666666666,0.7391304347826086,False
AMZN|R0,AMZN,2018-03,R0,0.01,62,0.39470899470899473,-0.2733101380504877,0.2607383342894865,0.17291587974813177,0.8225806451612904,0.43548387096774194,False
AMZN|R0,AMZN,2018-03,R0,0.1,62,0.45185185185185184,-0.11148872005381641,0.2984807309805408,0.21050566366003792,0.7580645161290323,0.43548387096774194,False
AMZN|R0,AMZN,2018-03,R0,1.0,62,0.3751322751322751,-0.24881561069936012,0.3231248191864623,0.2727574440346048,0.5483870967741935,0.43548387096774194,False
AMZN|R1,AMZN,2018-03,R1,0.01,62,0.42328042328042326,-0.18688841543883614,0.2672571411421581,0.15002100126869866,0.7903225806451613,0.43548387096774194,False
AMZN|R1,AMZN,2018-03,R1,0.1,62,0.419047619047619,-0.18744806778279025,0.311749771518395,0.2335367108141819,0.7580645161290323,0.43548387096774194,False
AMZN|R1,AMZN,2018-03,R1,1.0,62,0.40634920634920635,-0.19622565452573865,0.3432166374283094,0.2810772304065882,0.6612903225806451,0.43548387096774194,False
AMZN|R2,AMZN,2018-03,R2,0.01,62,0.4074074074074074,-0.3372094325927133,0.26221221099687847,0.177351481794985,0.9193548387096774,0.43548387096774194,False
AMZN|R2,AMZN,2018-03,R2,0.1,62,0.4587301587301587,-0.1665845446283394,0.29081029667141217,0.2003085905037121,0.9354838709677419,0.43548387096774194,False
AMZN|R2,AMZN,2018-03,R2,1.0,62,0.45026455026455026,-0.14711944434163066,0.31172803955517353,0.2569281607031019,0.8709677419354839,0.43548387096774194,False
AMZN|R0,AMZN,2018-04,R0,0.01,63,0.425,-0.15348515337873012,0.2600892222887968,0.15510560567391388,0.6190476190476191,0.4444444444444444,False
AMZN|R0,AMZN,2018-04,R0,0.1,63,0.48214285714285715,-0.03866801405560912,0.2831881133689674,0.17920275659713306,0.6984126984126984,0.4444444444444444,False
AMZN|R0,AMZN,2018-04,R0,1.0,63,0.4928571428571429,-0.014890583938253493,0.3018978574795511,0.2424283244411656,0.6507936507936508,0.4444444444444444,False
AMZN|R1,AMZN,2018-04,R1,0.01,63,0.425,-0.15348515337873012,0.2608866613632526,0.13798830730415867,0.6190476190476191,0.4444444444444444,False
AMZN|R1,AMZN,2018-04,R1,0.1,63,0.45714285714285713,-0.08770580193070292,0.28568346381997567,0.20265324121613607,0.6190476190476191,0.4444444444444444,False
AMZN|R1,AMZN,2018-04,R1,1.0,63,0.4357142857142857,-0.12909944487358058,0.31207229660296876,0.285905272456342,0.5714285714285714,0.4444444444444444,False
AMZN|R2,AMZN,2018-04,R2,0.01,63,0.4035714285714286,-0.19364916731037085,0.2528138318766552,0.11840438419795199,0.5714285714285714,0.4444444444444444,False
AMZN|R2,AMZN,2018-04,R2,0.1,63,0.45357142857142857,-0.1039501159136702,0.2571625415633674,0.15742737276996208,0.7301587301587301,0.4444444444444444,False
AMZN|R2,AMZN,2018-04,R2,1.0,63,0.5035714285714286,0.008154100913168027,0.26583925954462573,0.14359875848195464,0.746031746031746,0.4444444444444444,False
AMZN|R0,AMZN,2018-05,R0,0.01,65,0.52046783625731,0.0468292905790847,0.2509624787005916,0.0990751938556754,0.24615384615384617,0.5846153846153846,False
AMZN|R0,AMZN,2018-05,R0,0.1,65,0.5199805068226121,0.03976768394980835,0.24988387686968597,0.09170783829357784,0.4307692307692308,0.5846153846153846,False
AMZN|R0,AMZN,2018-05,R0,1.0,65,0.5199805068226121,0.03976768394980835,0.25006553618106514,0.12545007122433055,0.4307692307692308,0.5846153846153846,False
AMZN|R1,AMZN,2018-05,R1,0.01,65,0.496588693957115,-0.007392113785968284,0.25242665386293434,0.09452590993151765,0.2923076923076923,0.5846153846153846,False
AMZN|R1,AMZN,2018-05,R1,0.1,65,0.49610136452241715,-0.007693004760192652,0.25749776964600923,0.07942513308705536,0.47692307692307695,0.5846153846153846,False
AMZN|R1,AMZN,2018-05,R1,1.0,65,0.4273879142300195,-0.14314646543895154,0.26793750951778683,0.16817054462603356,0.5076923076923077,0.5846153846153846,False
AMZN|R2,AMZN,2018-05,R2,0.01,65,0.452729044834308,-0.16095201676578166,0.2505059261786818,0.07486695215942224,0.9076923076923077,0.5846153846153846,False
AMZN|R2,AMZN,2018-05,R2,0.1,65,0.40545808966861596,-0.24015934571496603,0.25604928606826294,0.07958314325108198,0.8153846153846154,0.5846153846153846,False
AMZN|R2,AMZN,2018-05,R2,1.0,65,0.4161793372319688,-0.1917770947524421,0.26759405174358836,0.13644935755297652,0.7538461538461538,0.5846153846153846,False
AMZN|R0,AMZN,2018-06,R0,0.01,63,0.5793478260869566,0.152828062049447,0.246537580151777,0.13597449481116236,0.49206349206349204,0.6349206349206349,False
AMZN|R0,AMZN,2018-06,R0,0.1,63,0.6793478260869565,0.3556166625769118,0.23747224841205924,0.19024744812412273,0.6190476190476191,0.6349206349206349,False
AMZN|R0,AMZN,2018-06,R0,1.0,63,0.6326086956521739,0.26099615540274046,0.235056145142835,0.1571706803095586,0.6031746031746031,0.6349206349206349,False
AMZN|R1,AMZN,2018-06,R1,0.01,63,0.5201086956521739,0.038848061530093264,0.24730523227081147,0.13447950395054142,0.4603174603174603,0.6349206349206349,False
AMZN|R1,AMZN,2018-06,R1,0.1,63,0.6048913043478261,0.22006970263318495,0.23611675461342904,0.17944062694365637,0.6984126984126984,0.6349206349206349,False
AMZN|R1,AMZN,2018-06,R1,1.0,63,0.5489130434782609,0.10425720702853737,0.2283408739016395,0.1437584407166969,0.7142857142857143,0.6349206349206349,False
AMZN|R2,AMZN,2018-06,R2,0.01,63,0.4896739130434783,-0.021360453144631173,0.24676439914676296,0.12162688097563701,0.6825396825396826,0.6349206349206349,False
AMZN|R2,AMZN,2018-06,R2,0.1,63,0.48695652173913045,-0.031984651050360066,0.24160885576861352,0.10456188611378729,0.8095238095238095,0.6349206349206349,False
AMZN|R2,AMZN,2018-06,R2,1.0,63,0.5211956521739131,0.0519750579568351,0.23606068903449623,0.09860028008781686,0.8095238095238095,0.6349206349206349,False
AMZN|R0,AMZN,2018-07,R0,0.01,60,0.5,0.0,0.24837035688267672,0.050157010051018996,0.7666666666666667,0.5,False
AMZN|R0,AMZN,2018-07,R0,0.1,60,0.5,0.0,0.2540709932883098,0.10547625581140978,0.7333333333333333,0.5,False
AMZN|R0,AMZN,2018-07,R0,1.0,60,0.5,0.0,0.25954290245830564,0.10988171294972503,0.7333333333333333,0.5,False
AMZN|R1,AMZN,2018-07,R1,0.01,60,0.5333333333333333,0.07537783614444091,0.2445011478170417,0.02541153558494176,0.7333333333333333,0.5,False
AMZN|R1,AMZN,2018-07,R1,0.1,60,0.5833333333333334,0.19245008972987526,0.24284511675294512,0.06576663349236549,0.75,0.5,False
AMZN|R1,AMZN,2018-07,R1,1.0,60,0.5666666666666667,0.15762208124782015,0.24935618761064768,0.09027626266270986,0.7666666666666667,0.5,False
AMZN|R2,AMZN,2018-07,R2,0.01,60,0.5666666666666667,0.17888543819998318,0.24629030318652592,0.0364067147379591,0.8333333333333334,0.5,False
AMZN|R2,AMZN,2018-07,R2,0.1,60,0.5333333333333333,0.09805806756909202,0.24053531389648466,0.11046714916832173,0.8666666666666667,0.5,False
AMZN|R2,AMZN,2018-07,R2,1.0,60,0.5333333333333333,0.08944271909999159,0.24176300567683642,0.08456112248294605,0.8333333333333334,0.5,False
AMZN|R0,AMZN,2018-08,R0,0.01,69,0.5301724137931034,0.06668178896847547,0.24604230011239683,0.062038164186442056,0.7246376811594203,0.5797101449275363,False
AMZN|R0,AMZN,2018-08,R0,0.1,69,0.6163793103448276,0.24122532033850386,0.23885286238001016,0.07156738035071841,0.6521739130434783,0.5797101449275363,False
AMZN|R0,AMZN,2018-08,R0,1.0,69,0.6336206896551724,0.274433014821148,0.23639304448909315,0.09366642050328541,0.6376811594202898,0.5797101449275363,False
AMZN|R1,AMZN,2018-08,R1,0.01,69,0.5474137931034483,0.10316934010406772,0.24276050427921458,0.060979492713419986,0.7101449275362319,0.5797101449275363,False
AMZN|R1,AMZN,2018-08,R1,0.1,69,0.6336206896551724,0.274433014821148,0.23060211345278409,0.07618485511535925,0.6376811594202898,0.5797101449275363,False
AMZN|R1,AMZN,2018-08,R1,1.0,69,0.6383620689655172,0.2798784825060619,0.22544673685564837,0.07816279573868815,0.6086956521739131,0.5797101449275363,False
AMZN|R2,AMZN,2018-08,R2,0.01,69,0.5331896551724138,0.08147349897041835,0.24461791252152032,0.05792667970084395,0.7971014492753623,0.5797101449275363,False
AMZN|R2,AMZN,2018-08,R2,0.1,69,0.5581896551724138,0.15155725230404785,0.23883945291198824,0.05239148724909366,0.8260869565217391,0.5797101449275363,False
AMZN|R2,AMZN,2018-08,R2,1.0,69,0.5879310344827586,0.22901984792611674,0.23672408524406116,0.0976771575217796,0.8260869565217391,0.5797101449275363,False
S2,POOLED,2018-03,S2,0.01,124,0.3956975228161669,-0.20846909961254162,0.2782162156170393,0.175281731176993,0.5161290322580645,0.47580645161290325,False
S2,POOLED,2018-03,S2,0.1,124,0.41499348109517603,-0.17206676415845742,0.3274942886162297,0.24471681296000136,0.5806451612903226,0.47580645161290325,False
S2,POOLED,2018-03,S2,1.0,124,0.42268578878748375,-0.15610071779020476,0.3449435157592701,0.2569539857039509,0.5725806451612904,0.47580645161290325,False
S2,POOLED,2018-04,S2,0.01,126,0.5275739944346066,0.059117201224899496,0.251960262820929,0.062453377696325106,0.6825396825396826,0.46825396825396826,False
S2,POOLED,2018-04,S2,0.1,126,0.5350366810017708,0.0746302627563131,0.26158089279869684,0.12298667576826983,0.6746031746031746,0.46825396825396826,False
S2,POOLED,2018-04,S2,1.0,126,0.5285858841386288,0.06216012764223446,0.2751276244382465,0.13011653758198302,0.6984126984126984,0.46825396825396826,False
S2,POOLED,2018-05,S2,0.01,131,0.5480952380952381,0.09667506603921944,0.24907260414626542,0.08186505774074576,0.4122137404580153,0.5725190839694656,False
S2,POOLED,2018-05,S2,0.1,131,0.5101190476190476,0.02009506803784357,0.2595630430172515,0.0861842335079227,0.4580152671755725,0.5725190839694656,False
S2,POOLED,2018-05,S2,1.0,131,0.5123809523809524,0.02466228244790838,0.267774606374567,0.10184091933347295,0.44274809160305345,0.5725190839694656,False
S2,POOLED,2018-06,S2,0.01,126,0.5236842105263158,0.04682929057908469,0.2501384212039389,0.1204793468229451,0.42857142857142855,0.6031746031746031,False
S2,POOLED,2018-06,S2,0.1,126,0.5363157894736843,0.07114914586232078,0.2467753761869906,0.0942641749459698,0.5238095238095238,0.6031746031746031,False
S2,POOLED,2018-06,S2,1.0,126,0.5160526315789473,0.03181769156177548,0.24583901076327985,0.09593198869723663,0.5793650793650794,0.6031746031746031,False
S2,POOLED,2018-07,S2,0.01,120,0.5272804774083546,0.05505600926768893,0.24394824598009957,0.05945176445098747,0.6,0.575,False
S2,POOLED,2018-07,S2,0.1,120,0.5626598465473146,0.1447135711636726,0.2421609382986766,0.10569091229463354,0.7583333333333333,0.575,False
S2,POOLED,2018-07,S2,1.0,120,0.545609548167093,0.10533572867015624,0.24290523557262161,0.09092726540039142,0.7583333333333333,0.575,False
S2,POOLED,2018-08,S2,0.01,138,0.5699088145896657,0.14055902285436916,0.2366165098099037,0.13090805002264616,0.6666666666666666,0.6594202898550725,False
S2,POOLED,2018-08,S2,0.1,138,0.5438391395838205,0.09228088306858848,0.2296776353990276,0.1251473987892048,0.717391304347826,0.6594202898550725,False
S2,POOLED,2018-08,S2,1.0,138,0.5599719429506663,0.12624024803782904,0.22762403554673782,0.13716933756217703,0.717391304347826,0.6594202898550725,False
S3,POOLED,2018-03,S3,0.01,124,0.4272490221642764,-0.14533152317968118,0.277721890554444,0.1436320916658319,0.5,0.47580645161290325,False
S3,POOLED,2018-03,S3,0.1,124,0.39960886571056065,-0.20441237255999084,0.3251175915764705,0.2491755724309584,0.5967741935483871,0.47580645161290325,False
S3,POOLED,2018-03,S3,1.0,124,0.44498044328552805,-0.11013967795074876,0.3389757741596999,0.2628297205648406,0.532258064516129,0.47580645161290325,False
S3,POOLED,2018-04,S3,0.01,126,0.536048570705793,0.07781969476362685,0.2518028779207672,0.06244205715086756,0.6904761904761905,0.46825396825396826,False
S3,POOLED,2018-04,S3,0.1,126,0.501138375917025,0.0023709933502206078,0.26381460603386114,0.1333021161807207,0.6428571428571429,0.46825396825396826,False
S3,POOLED,2018-04,S3,1.0,126,0.44080445231469767,-0.11937663087184827,0.2933850023797613,0.23290042826157406,0.5714285714285714,0.46825396825396826,False
S3,POOLED,2018-05,S3,0.01,131,0.5369047619047619,0.07365186711727469,0.24966024523315378,0.08092809494423125,0.4351145038167939,0.5725190839694656,False
S3,POOLED,2018-05,S3,0.1,131,0.4878571428571429,-0.024148117063403283,0.26269434858777885,0.10883590465273152,0.45038167938931295,0.5725190839694656,False
S3,POOLED,2018-05,S3,1.0,131,0.4854761904761905,-0.028761428629322447,0.2738749287706936,0.14310021077015217,0.5190839694656488,0.5725190839694656,False
S3,POOLED,2018-06,S3,0.01,126,0.5402631578947368,0.07960979398444398,0.2516932568056524,0.1304042456692764,0.42857142857142855,0.6031746031746031,False
S3,POOLED,2018-06,S3,0.1,126,0.5857894736842105,0.16925646972559708,0.2514177601634612,0.16291087914840557,0.5634920634920635,0.6031746031746031,False
S3,POOLED,2018-06,S3,1.0,126,0.5160526315789473,0.03181769156177548,0.25356693124858243,0.14081615480597998,0.5793650793650794,0.6031746031746031,False
S3,POOLED,2018-07,S3,0.01,120,0.5345268542199488,0.06993366376481873,0.2436286586482687,0.06737557619177939,0.6083333333333333,0.575,False
S3,POOLED,2018-07,S3,0.1,120,0.5805626598465473,0.1661092567877306,0.2410624825127145,0.04685279732912897,0.6416666666666667,0.575,False
S3,POOLED,2018-07,S3,1.0,120,0.5852514919011083,0.17879963496303788,0.24255182333682865,0.11047304801115088,0.6666666666666666,0.575,False
S3,POOLED,2018-08,S3,0.01,138,0.5805471124620061,0.16109422492401215,0.2361101008232298,0.1303064405536734,0.6594202898550725,0.6594202898550725,False
S3,POOLED,2018-08,S3,0.1,138,0.538344634089315,0.08010528779870857,0.22709242440268176,0.12309908796154964,0.7101449275362319,0.6594202898550725,False
S3,POOLED,2018-08,S3,1.0,138,0.6021744213233575,0.20543241801792417,0.22264769147484154,0.10542895185193478,0.6666666666666666,0.6594202898550725,False
