pair_id,target,current_available_utc,past_available_utc,title_similarity,stratum,same_exact_hash,same_normalized_hash,numeric_sets_equal,association_tier_current,association_tier_past,association_sentence_id_current,association_sentence_id_past,context_sentence_ids_current,context_sentence_ids_past,current_family_id,past_family_id,pair_family_key,pair_component_id,split
00054eab046c7065,AAPL,2018-06-16T16:21:00+00:00,2018-06-16T13:25:59+00:00,1.0,near_duplicate_candidate,False,False,True,0,0,5,3,[5],[3],412a41f72558ce51,412a41f72558ce51,b8225fc126f7387c,00054eab046c7065,pilot
000cba2c752672a4,AAPL,2018-05-14T20:23:59.009000+00:00,2018-05-14T20:06:14.012000+00:00,1.0,near_duplicate_candidate,False,False,True,0,0,3,3,[3],[3],b1f9d118b0953dfd,b1f9d118b0953dfd,0b5bb32edfc9c696,000cba2c752672a4,locked_check
000f731e519affeb,AAPL,2018-08-08T00:54:00+00:00,2018-08-07T21:35:16.014000+00:00,0.9523809523809523,near_duplicate_candidate,False,False,True,0,0,0,0,[0],[0],6fa7c997c1c8edbf,6fa7c997c1c8edbf,c2b6d105b4c53fae,000f731e519affeb,pilot
0011d5b47ba6ff6d,AAPL,2018-05-09T02:43:18.007000+00:00,2018-05-08T21:21:33.011000+00:00,1.0,near_duplicate_candidate,False,False,True,0,0,35,33,[35],[33],cafceb1f3b6f1394,cafceb1f3b6f1394,3b7a08b375307bac,0011d5b47ba6ff6d,locked_check
00148f775a5e5566,AAPL,2018-05-25T17:07:20.076000+00:00,2018-05-25T13:23:17.061000+00:00,1.0,near_duplicate_candidate,False,False,True,0,0,7,7,[7],[7],d36307d6c9c90556,d36307d6c9c90556,e92a7b0b43d39e17,00148f775a5e5566,locked_check
001b4ab1b2d75aea,AAPL,2018-05-07T14:45:23.010000+00:00,2018-05-07T12:49:09.024000+00:00,1.0,near_duplicate_candidate,False,False,True,0,0,0,0,[0],[0],b103d5db38cd0284,b103d5db38cd0284,07656d51d0028765,001b4ab1b2d75aea,pilot
0022fd92ca5fd382,AAPL,2018-07-11T02:55:00+00:00,2018-07-11T02:40:58.021000+00:00,1.0,near_duplicate_candidate,False,False,True,0,0,0,0,[0],[0],e10a5810a795e89f,e10a5810a795e89f,18d6d213f3a70d6b,0022fd92ca5fd382,locked_check
00359e9dd8592d2d,AAPL,2018-05-25T20:11:00.057000+00:00,2018-05-25T19:56:09.009000+00:00,1.0,near_duplicate_candidate,False,False,True,0,0,42,42,[42],[42],0770d7090a562db2,0770d7090a562db2,dcfa6374d62ff9e8,00359e9dd8592d2d,pilot
0002c87259f54562,AMZN,2018-04-07T11:07:18.007000+00:00,2018-04-05T19:32:06.013000+00:00,1.0,near_duplicate_candidate,False,False,True,0,0,37,46,[37],[46],a032fde5a3cf3d8a,a032fde5a3cf3d8a,b821b12820943a11,0002c87259f54562,pilot
0022d2aac8a34cc1,AMZN,2018-08-08T17:57:36.010000+00:00,2018-08-08T17:07:59.006000+00:00,1.0,near_duplicate_candidate,False,False,True,0,0,20,20,[20],[20],15689bfdcc72f38b,15689bfdcc72f38b,4d9dfa88675e56ea,0022d2aac8a34cc1,pilot
0030da40bf9e1757,AMZN,2018-08-15T16:28:46.008000+00:00,2018-08-14T17:26:56.057000+00:00,1.0,near_duplicate_candidate,False,False,True,0,0,32,43,[32],[43],0dcfce3a0e347c9d,0dcfce3a0e347c9d,4100a115777e8178,0030da40bf9e1757,locked_check
0034a85477114786,AMZN,2018-03-01T06:01:20.005000+00:00,2018-03-01T02:43:03.008000+00:00,1.0,near_duplicate_candidate,False,False,True,0,0,6,6,[6],[6],a46fec92bfc1e75a,a46fec92bfc1e75a,d444dfc90ad652e9,0034a85477114786,locked_check
0076550bd80f6aaa,AMZN,2018-05-24T23:17:00+00:00,2018-05-24T21:12:53.001000+00:00,1.0,near_duplicate_candidate,False,False,True,0,0,13,13,[13],[13],1198857a606c2401,1198857a606c2401,39c0fdfa6f1b3eb2,0076550bd80f6aaa,locked_check
0091588322f153b6,AMZN,2018-07-27T02:11:00+00:00,2018-07-27T02:03:45.006000+00:00,0.8333333333333334,near_duplicate_candidate,False,False,True,0,0,14,15,[14],[15],ecdbe1f4032524fa,ecdbe1f4032524fa,b30958b9dc5ee56c,0091588322f153b6,pilot
009bc2ba211d52ae,AMZN,2018-07-30T21:34:10.003000+00:00,2018-07-30T21:20:22.114000+00:00,1.0,near_duplicate_candidate,False,False,True,0,0,26,26,[26],[26],ed164ba709c928fd,ed164ba709c928fd,36b9312192782f74,009bc2ba211d52ae,pilot
00ae2261b5a23b87,AMZN,2018-04-10T16:20:52.034000+00:00,2018-04-10T14:26:22.010000+00:00,1.0,near_duplicate_candidate,False,False,True,0,0,13,26,[13],[26],2e4955ec9cdd051d,2e4955ec9cdd051d,f507c49ad08c55a7,00ae2261b5a23b87,locked_check
0006f506d34d651e,AAPL,2018-04-21T08:36:28.029000+00:00,2018-04-14T13:46:00+00:00,0.5,moderate_overlap_numeric_difference,False,False,False,0,0,0,0,[0],[0],05d4507e8ad0cb6c,bdb181d744de14be,6e6b5f077a0290d4,0006f506d34d651e,pilot
000a088571294250,AAPL,2018-05-18T14:17:13.017000+00:00,2018-05-15T14:40:45.025000+00:00,0.3888888888888889,moderate_overlap_numeric_difference,False,False,False,0,0,0,0,[0],[0],1030089289f5f9e4,457b67797357d48f,caada74e7459ccf8,000a088571294250,pilot
00120302d08a7846,AAPL,2018-07-11T07:50:53+00:00,2018-07-10T21:22:37.006000+00:00,0.7142857142857143,moderate_overlap_numeric_difference,False,False,False,0,0,60,60,[60],[60],71f60e8906cb9817,ef149a37d1cca3eb,6df09ea6d45d197a,00120302d08a7846,locked_check
001657774675d0ac,AAPL,2018-03-30T08:38:45.002000+00:00,2018-03-26T11:03:00+00:00,0.3,moderate_overlap_numeric_difference,False,False,False,0,0,5,17,[5],[17],52780f602e753cdc,8764b2817825adff,9742a112448463e6,001657774675d0ac,locked_check
0016e37ab49688e0,AAPL,2018-03-18T15:32:30.037000+00:00,2018-03-13T16:32:35.019000+00:00,0.32432432432432434,moderate_overlap_numeric_difference,False,False,False,0,0,106,0,[106],[0],32853b9e4b2bf6f0,d5351bfb2ed0ae39,d1fc376918161b61,0016e37ab49688e0,pilot
0017f7579f34c32b,AAPL,2018-05-05T16:53:38.054000+00:00,2018-05-01T09:45:36.042000+00:00,0.358974358974359,moderate_overlap_numeric_difference,False,False,False,0,0,0,0,[0],[0],e7d032a4b1e0d31e,a9110f30f427ce5e,6223a0eeb00a1927,0017f7579f34c32b,locked_check
001cba7851385c50,AAPL,2018-03-07T20:24:00+00:00,2018-03-01T02:58:00+00:00,0.4375,moderate_overlap_numeric_difference,False,False,False,0,0,0,0,[0],[0],9674ae9e502c2c33,f8aa6691b2bec87d,9c34c0a61ebb1184,001cba7851385c50,pilot
002893e6784483f5,AAPL,2018-05-24T14:11:09.001000+00:00,2018-05-20T09:04:26+00:00,0.3076923076923077,moderate_overlap_numeric_difference,False,False,False,0,0,72,41,[72],[41],4690863a66632ede,4992d2565674077e,223fa3e89816dc8b,002893e6784483f5,locked_check
00054ea826eaffba,AMZN,2018-05-29T22:11:19.006000+00:00,2018-05-27T17:51:18.038000+00:00,0.5,moderate_overlap_numeric_difference,False,False,False,0,2,19,102,[19],"[101, 102, 103]",45eef7fc08d558db,31ab6546d9cb0d98,74fdda93b5661dc0,00054ea826eaffba,locked_check
00bcafcee7fef19d,AMZN,2018-06-05T16:17:00+00:00,2018-05-29T18:29:29+00:00,0.26666666666666666,moderate_overlap_numeric_difference,False,False,False,0,0,13,24,[13],[24],fc08e9c6eb33113b,5de7a2b5298c0f96,82f14c5aeb2a58c7,00bcafcee7fef19d,pilot
00ca6bc76b733a17,AMZN,2018-04-20T12:39:44.042000+00:00,2018-04-19T17:48:00+00:00,0.3157894736842105,moderate_overlap_numeric_difference,False,False,False,2,0,58,28,"[57, 58, 59]",[28],790c7787a9f2a338,fd68d66c3ab641ef,0866f16d81a15cad,00ca6bc76b733a17,pilot
00d222960c50b027,AMZN,2018-05-18T06:16:03.018000+00:00,2018-05-14T15:02:47.008000+00:00,0.25,moderate_overlap_numeric_difference,False,False,False,0,2,90,76,[90],"[75, 76, 77]",e1b2f7bdb50de42b,39a92abc53dd5523,02d0b1573b905e86,00d222960c50b027,locked_check
016725880992ce9c,AMZN,2018-04-17T14:27:53.005000+00:00,2018-04-14T08:34:36.001000+00:00,0.25,moderate_overlap_numeric_difference,False,False,False,0,0,15,8,[15],[8],e6ee0825ed4cfc4e,343de0c5fab15473,d07c3d234c6bcb8c,016725880992ce9c,pilot
016e688da50b7a96,AMZN,2018-05-10T20:53:00+00:00,2018-05-08T14:16:00+00:00,0.4166666666666667,moderate_overlap_numeric_difference,False,False,False,0,0,15,14,[15],[14],1afd7c7726ed493b,20d275955db65c99,53da936e2f75baa8,016e688da50b7a96,locked_check
01e8d88a1059fe54,AMZN,2018-06-17T11:08:04.057000+00:00,2018-06-11T11:36:32.043000+00:00,0.3,moderate_overlap_numeric_difference,False,False,False,2,0,27,127,"[26, 27, 28]",[127],ed9976d3124a0b73,1a8fb09fdd2c69fd,7e5ccf3d9717df22,01e8d88a1059fe54,pilot
01f441ca779fd4cc,AMZN,2018-05-12T07:11:58+00:00,2018-05-12T00:59:34.051000+00:00,0.6,moderate_overlap_numeric_difference,False,False,False,0,2,1,238,[1],"[237, 238, 239]",f7dd093d16ff41cd,bb7029b016e4dee4,5f74f6dc05fa357d,01f441ca779fd4cc,locked_check
0006d97ae091b8f7,AAPL,2018-03-19T16:24:09.002000+00:00,2018-03-19T16:13:27.033000+00:00,0.7222222222222222,moderate_overlap_same_numeric_tokens,False,False,True,0,0,42,46,[42],[46],8183be3b8e6919a8,79c8f78d26a6cedf,9e456e205cc8ecfe,0006d97ae091b8f7,locked_check
00162044ad3149e5,AAPL,2018-05-02T02:31:00+00:00,2018-05-01T21:32:11+00:00,0.3333333333333333,moderate_overlap_same_numeric_tokens,False,False,True,0,0,0,0,[0],[0],9dd4fc1d7366c05d,9f76428456c17277,ab321f5af8b9f1de,00162044ad3149e5,pilot
00184493475281f6,AAPL,2018-05-18T06:14:22+00:00,2018-05-15T18:26:18.002000+00:00,0.2972972972972973,moderate_overlap_same_numeric_tokens,False,False,True,0,0,65,24,[65],[24],51a043091145fdf6,81c48f165c1dd09a,b07c42846be33cd0,00184493475281f6,pilot
001bc22d9093a71b,AAPL,2018-06-05T18:36:22.032000+00:00,2018-06-05T15:55:21+00:00,0.7333333333333333,moderate_overlap_same_numeric_tokens,False,False,True,0,0,5,4,[5],[4],21a5af2b9159a529,9c83c7c5ea80b326,52a0f693761a2013,001bc22d9093a71b,pilot
0048b773c2b852c3,AAPL,2018-05-15T13:04:15.030000+00:00,2018-05-14T09:53:42.012000+00:00,0.6666666666666666,moderate_overlap_same_numeric_tokens,False,False,True,0,0,61,1,[61],[1],1fdb916f379a29f0,47d6ce9072ebd919,cfdca43a6f98ceb4,0048b773c2b852c3,locked_check
00598db4a996af03,AAPL,2018-07-24T09:24:51+00:00,2018-07-20T09:00:14.004000+00:00,0.46153846153846156,moderate_overlap_same_numeric_tokens,False,False,True,0,0,0,0,[0],[0],92e0ff14ee323b9f,59732c443e5426da,768ff6c14fead1a4,00598db4a996af03,locked_check
006250ab13a610f7,AAPL,2018-03-20T15:28:16.003000+00:00,2018-03-20T15:24:34+00:00,0.7647058823529411,moderate_overlap_same_numeric_tokens,False,False,True,0,0,11,10,[11],[10],d550505096180cf4,d550505096180cf4,d1b4931668a31804,006250ab13a610f7,locked_check
006c1ab7819396f1,AAPL,2018-08-01T19:03:21.002000+00:00,2018-08-01T16:08:32.001000+00:00,0.42105263157894735,moderate_overlap_same_numeric_tokens,False,False,True,0,0,5,2,[5],[2],0390042759a03f34,ecb1761b689b09f8,278cddfae10dbb12,006c1ab7819396f1,locked_check
003e4c5e783832ee,AMZN,2018-05-24T11:41:10.007000+00:00,2018-05-18T10:22:36.007000+00:00,0.7777777777777778,moderate_overlap_same_numeric_tokens,False,False,True,0,0,100,4,[100],[4],07e982c099f382ed,d7ad15fe71cae3bd,add62341a9515c3b,003e4c5e783832ee,pilot
003e9503f2d7a247,AMZN,2018-06-25T20:36:19+00:00,2018-06-25T19:25:10.004000+00:00,0.3125,moderate_overlap_same_numeric_tokens,False,False,True,0,0,7,5,[7],[5],4719837f0b18daf4,16b887ec17fdc9f9,0ab5fbdd5bd15ff2,003e9503f2d7a247,pilot
0064517b084941ca,AMZN,2018-05-02T14:02:00+00:00,2018-05-02T14:01:00+00:00,0.3076923076923077,moderate_overlap_same_numeric_tokens,False,False,True,2,2,26,30,"[25, 26, 27]","[29, 30, 31]",728c894f4835fd4e,e154535b4acbef4c,c9f9b8fb563c7fbe,0064517b084941ca,pilot
006cec2395c4cf93,AMZN,2018-08-05T20:14:07+00:00,2018-08-02T23:20:24.006000+00:00,0.5454545454545454,moderate_overlap_same_numeric_tokens,False,False,True,0,2,15,15,[15],"[14, 15, 16]",3efa615b85a4e794,16c42551f879908f,be7b140501243839,006cec2395c4cf93,pilot
01a52b57765c6ace,AMZN,2018-04-09T14:11:09.001000+00:00,2018-04-06T04:35:50+00:00,0.42857142857142855,moderate_overlap_same_numeric_tokens,False,False,True,0,2,7,20,[7],"[19, 20, 21]",a3b7e0866f8e7c1e,c637f63bde034a24,6de65b84d93a63df,01a52b57765c6ace,pilot
01cd2234cec8fac3,AMZN,2018-04-29T14:14:00+00:00,2018-04-23T03:32:40.060000+00:00,0.5555555555555556,moderate_overlap_same_numeric_tokens,False,False,True,0,0,31,0,[31],[0],f77c79d8683fcd68,4e4e995ec38be602,82c96146020a0372,01cd2234cec8fac3,locked_check
01e836f04c0e66c4,AMZN,2018-08-04T00:14:00+00:00,2018-08-02T23:20:24.006000+00:00,0.38461538461538464,moderate_overlap_same_numeric_tokens,False,False,True,2,2,7,15,"[6, 7, 8]","[14, 15, 16]",32d8788ff22c44fe,16c42551f879908f,4bd93306a44ab724,006cec2395c4cf93,pilot
01f7f9e804c675b9,AMZN,2018-08-01T18:12:57.141000+00:00,2018-08-01T11:52:49.002000+00:00,0.2631578947368421,moderate_overlap_same_numeric_tokens,False,False,True,0,0,18,10,[18],[10],48c3642df28dfa3e,358b7cda5e81188e,13c12c38c3eaf32a,01f7f9e804c675b9,locked_check
000510f143011dd4,AAPL,2018-05-04T21:48:34.026000+00:00,2018-05-03T13:13:04+00:00,0.16666666666666666,weak_overlap_candidate,False,False,False,0,0,5,3,[5],[3],ab0999abb0e13d5c,0457c8674d00226f,6c2c1b589ba8e6be,000510f143011dd4,locked_check
0016f34761108670,AAPL,2018-04-20T17:58:36.015000+00:00,2018-04-14T13:24:00+00:00,0.21052631578947367,weak_overlap_candidate,False,False,False,0,0,0,0,[0],[0],caf8fdc381ab1294,7f60601a1a139954,8b80db8596456cda,0016f34761108670,pilot
001b179a38b95b9e,AAPL,2018-03-20T19:40:08.033000+00:00,2018-03-20T05:07:00+00:00,0.21739130434782608,weak_overlap_candidate,False,False,False,0,0,0,0,[0],[0],51211c963ce1c395,b11057d2820c0b0c,908d07957f01ec8b,001b179a38b95b9e,pilot
00239f398c48cf4e,AAPL,2018-07-08T23:15:30.030000+00:00,2018-07-04T18:30:13+00:00,0.18181818181818182,weak_overlap_candidate,False,False,True,0,0,7,10,[7],[10],67b34644446ab045,8c915a99b1d87af9,29a3b5169494cd06,00239f398c48cf4e,pilot
0023b852666fb974,AAPL,2018-03-01T14:31:18.058000+00:00,2018-02-28T16:17:27.013000+00:00,0.17647058823529413,weak_overlap_candidate,False,False,False,0,0,70,0,[70],[0],d99f1a55905f5229,22b99fbfcbccd719,8e756ad218fc1e8f,0023b852666fb974,pilot
0029f99007696d79,AAPL,2018-08-31T01:30:14.010000+00:00,2018-08-28T19:37:00+00:00,0.1111111111111111,weak_overlap_candidate,False,False,False,0,0,1,31,[1],[31],3bb9150a1acba10c,9a6bc37e80974731,a06b5473c18dacb3,0029f99007696d79,pilot
00493302240bbfea,AAPL,2018-03-21T06:08:35+00:00,2018-03-19T13:24:09.012000+00:00,0.21052631578947367,weak_overlap_candidate,False,False,True,0,0,3,1,[3],[1],89bfb4847267a6f0,a07f8bef3b2e6115,c7034f63daa4a200,00493302240bbfea,pilot
004d2784941f2e24,AAPL,2018-07-26T20:42:00+00:00,2018-07-26T15:55:36.018000+00:00,0.1111111111111111,weak_overlap_candidate,False,False,False,0,0,7,7,[7],[7],8fe55406ee893f53,ed2a196eb6a826e3,b5ed35a3ea7e3939,004d2784941f2e24,pilot
00074d3d008af448,AMZN,2018-04-25T11:33:24.029000+00:00,2018-04-20T00:30:15.051000+00:00,0.23809523809523808,weak_overlap_candidate,False,False,True,0,0,2,5,[2],[5],885b8ecd13d598b9,27d00c192ebf32c0,27f755f1e30b869d,00074d3d008af448,locked_check
00111e1747e4f231,AMZN,2018-03-29T11:58:48.004000+00:00,2018-03-28T13:08:00+00:00,0.15384615384615385,weak_overlap_candidate,False,False,True,2,0,37,12,"[36, 37, 38]",[12],69a14fbbb18df64c,f66a5c9bc9b62b25,9f30625bc89ba6eb,00111e1747e4f231,pilot
00439c1d756ee3a6,AMZN,2018-03-12T17:49:09.039000+00:00,2018-03-09T21:41:33.020000+00:00,0.18181818181818182,weak_overlap_candidate,False,False,False,0,0,7,1,[7],[1],707e1e46f1fa36f2,590b7facf224c88e,01326c31a0b713ae,00439c1d756ee3a6,pilot
004b1e6e3484a9a5,AMZN,2018-06-15T14:30:00+00:00,2018-06-13T18:45:00+00:00,0.15,weak_overlap_candidate,False,False,False,0,0,3,64,[3],[64],445a16858f0c7568,98a9bf95296fb975,e33b0ee6075ace04,004b1e6e3484a9a5,pilot
0055489d7327feda,AMZN,2018-08-23T13:01:05.003000+00:00,2018-08-17T15:17:04+00:00,0.17391304347826086,weak_overlap_candidate,False,False,True,0,0,17,15,[17],[15],008b5b655324da8b,ab4213d302dee98d,961c08e253d5febc,0055489d7327feda,locked_check
005f2c92285209e2,AMZN,2018-07-30T12:13:37.001000+00:00,2018-07-24T21:39:00+00:00,0.16666666666666666,weak_overlap_candidate,False,False,True,0,0,9,5,[9],[5],735eae78df5e0c90,b416dd0af2d667ef,1d362b58995ba054,005f2c92285209e2,pilot
00622801d8314472,AMZN,2018-06-08T17:47:09+00:00,2018-06-05T20:45:42.030000+00:00,0.08333333333333333,weak_overlap_candidate,False,False,True,0,0,2,1,[2],[1],b7b93a1f3868f8f9,20a811edc1f29fe2,c31083c57c80714d,00622801d8314472,locked_check
006bd0906c22a2c1,AMZN,2018-06-17T23:25:19+00:00,2018-06-14T15:07:58.073000+00:00,0.17647058823529413,weak_overlap_candidate,False,False,False,0,0,1,29,[1],[29],73fdfb860406c53d,27a2e689eb416783,d72f467b95676ed1,006bd0906c22a2c1,locked_check
