method,symbol,month,n,BA,MCC,Brier,pred_up,constant
F0,AAPL,2018-03,62,0.46875,-0.0625978857295168,0.3136431600178698,0.46774193548387094,0
F0,AAPL,2018-04,63,0.4949596774193548,-0.010826670965770146,0.28935095076251915,0.6825396825396826,0
F0,AAPL,2018-05,66,0.49440820130475305,-0.01114729533239837,0.24884666842086006,0.5454545454545454,0
F0,AAPL,2018-06,63,0.4907407407407407,-0.018731716231633878,0.256047995943431,0.3968253968253968,0
F0,AAPL,2018-07,60,0.5274725274725275,0.05315774339537505,0.24867832804680787,0.4166666666666667,0
F0,AAPL,2018-08,69,0.5098039215686274,0.018475274304048998,0.2367926452764008,0.6811594202898551,0
F0,AAPL,2018-09,57,0.49753694581280783,-0.007089880956935217,0.24875127751290874,0.8596491228070176,0
F0,AAPL,2018-10,69,0.5102564102564102,0.028886325786964755,0.2694802385227657,0.855072463768116,0
F0,AAPL,2018-11,60,0.5205784204671857,0.0640670789510079,0.2655753785206136,0.8833333333333333,0
F0,AAPL,2018-12,53,0.5681114551083591,0.15183249942890767,0.28236599956090924,0.7547169811320755,0
F0,AAPL,2019-01,63,0.4573804573804574,-0.12603755744009754,0.2581657890924156,0.873015873015873,0
F0,AAPL,2019-02,2,,0.0,0.3907109209162276,1.0,1
F0,AMZN,2018-03,62,0.408994708994709,-0.2284214675616841,0.3070502798322782,0.8064516129032258,0
F0,AMZN,2018-04,63,0.4107142857142857,-0.18430244519362143,0.2780053630602808,0.6349206349206349,0
F0,AMZN,2018-05,65,0.5199805068226121,0.03976768394980835,0.25229166937371317,0.4307692307692308,0
F0,AMZN,2018-06,63,0.6608695652173913,0.332773375305833,0.23142319162304187,0.6825396825396826,0
F0,AMZN,2018-07,60,0.55,0.11547005383792515,0.2479546332750298,0.75,0
F0,AMZN,2018-08,69,0.6116379310344828,0.23648875780580347,0.2331467913701451,0.6811594202898551,0
F0,AMZN,2018-09,57,0.42179802955665024,-0.15698501016068359,0.2784089890638216,0.543859649122807,0
F0,AMZN,2018-10,69,0.5520833333333333,0.0976086011803788,0.2647896263293537,0.5942028985507246,0
F0,AMZN,2018-11,60,0.5347222222222222,0.06900655593423542,0.26983766603811665,0.5833333333333334,0
F0,AMZN,2018-12,54,0.556390977443609,0.11048004015888321,0.25001419588042223,0.6111111111111112,0
F0,AMZN,2019-01,63,0.42315789473684207,-0.15272267317972885,0.280979884288332,0.5873015873015873,0
F0,AMZN,2019-02,2,0.5,0.0,0.26145143278404165,1.0,1
R1,AAPL,2018-03,62,0.42291666666666666,-0.15817166261312793,0.31218205095693174,0.3870967741935484,0
R1,AAPL,2018-04,63,0.5564516129032258,0.11359236684941297,0.2427480052414925,0.5555555555555556,0
R1,AAPL,2018-05,66,0.5671015843429636,0.13376754398878044,0.24930082061036912,0.45454545454545453,0
R1,AAPL,2018-06,63,0.4907407407407407,-0.018731716231633878,0.2663216143320161,0.3968253968253968,0
R1,AAPL,2018-07,60,0.586080586080586,0.17216117216117216,0.2444661398323707,0.35,0
R1,AAPL,2018-08,69,0.5081699346405228,0.014806384278366074,0.2338478164075101,0.6231884057971014,0
R1,AAPL,2018-09,57,0.6188423645320198,0.2831921951995806,0.23687878867299847,0.7719298245614035,0
R1,AAPL,2018-10,69,0.5153846153846154,0.03698001308168194,0.25008536424052286,0.782608695652174,0
R1,AAPL,2018-11,60,0.5261401557285873,0.05797747850973157,0.25403661854843856,0.7166666666666667,0
R1,AAPL,2018-12,53,0.6385448916408669,0.2949846002743204,0.25395936945559855,0.7169811320754716,0
R1,AAPL,2019-01,63,0.485966735966736,-0.030586777135731963,0.25486671639997927,0.7142857142857143,0
R1,AAPL,2019-02,2,,0.0,0.3846307444858184,1.0,1
R1,AMZN,2018-03,62,0.419047619047619,-0.18744806778279025,0.311749771518395,0.7580645161290323,0
R1,AMZN,2018-04,63,0.425,-0.15348515337873012,0.2608866613632526,0.6190476190476191,0
R1,AMZN,2018-05,65,0.49610136452241715,-0.007693004760192652,0.2574977696460093,0.47692307692307695,0
R1,AMZN,2018-06,63,0.6048913043478261,0.22006970263318495,0.23611675461342904,0.6984126984126984,0
R1,AMZN,2018-07,60,0.5833333333333334,0.19245008972987526,0.24284511675294512,0.75,0
R1,AMZN,2018-08,69,0.6336206896551724,0.274433014821148,0.23060211345278409,0.6376811594202898,0
R1,AMZN,2018-09,57,0.47598522167487683,-0.04977665340318334,0.26348832319443444,0.631578947368421,0
R1,AMZN,2018-10,69,0.5416666666666666,0.07856742013183861,0.2788264595358372,0.6086956521739131,0
R1,AMZN,2018-11,60,0.5277777777777778,0.055978284637523995,0.2844212127969923,0.6166666666666667,0
R1,AMZN,2018-12,54,0.5323308270676692,0.061928224614379454,0.2584394215807982,0.5370370370370371,0
R1,AMZN,2019-01,63,0.44263157894736843,-0.11775013847245042,0.272779513025182,0.6507936507936508,0
R1,AMZN,2019-02,2,0.5,0.0,0.26145143278404165,1.0,1
F1,AAPL,2018-03,62,0.5145833333333334,0.029288959306450306,0.28068955092967074,0.5483870967741935,0
F1,AAPL,2018-04,63,0.544858870967742,0.11815066113959706,0.2603196505174809,0.8253968253968254,0
F1,AAPL,2018-05,66,0.5251630941286114,0.05016282899579266,0.25556960787737776,0.5454545454545454,0
F1,AAPL,2018-06,63,0.41666666666666663,-0.16666666666666666,0.25851391983542843,0.5714285714285714,0
F1,AAPL,2018-07,60,0.554945054945055,0.10482848367219183,0.24052626453701736,0.5,0
F1,AAPL,2018-08,69,0.46405228758169936,-0.07067418228235592,0.25954199373470216,0.7246376811594203,0
F1,AAPL,2018-09,57,0.6016009852216749,0.24917762935063273,0.2461162990471983,0.7894736842105263,0
F1,AAPL,2018-10,69,0.5615384615384615,0.15171348989784333,0.253162180420804,0.7971014492753623,0
F1,AAPL,2018-11,60,0.5066740823136818,0.01667593364912675,0.2555355122588828,0.8,0
F1,AAPL,2018-12,53,0.5565015479876161,0.12030098223477871,0.2596946425076442,0.7169811320754716,0
F1,AAPL,2019-01,63,0.48804573804573803,-0.029085974677101674,0.25620523177629684,0.7936507936507936,0
F1,AAPL,2019-02,2,,0.0,0.4083408880370367,1.0,1
F1,AMZN,2018-03,62,0.42486772486772484,-0.15937962369601547,0.30454245710075767,0.6774193548387096,0
F1,AMZN,2018-04,63,0.37857142857142856,-0.2531399269503094,0.27732076661331184,0.3492063492063492,0
F1,AMZN,2018-05,65,0.5969785575048733,0.21748750777439183,0.25091009547871423,0.26153846153846155,0
F1,AMZN,2018-06,63,0.5793478260869566,0.152828062049447,0.26511491380913593,0.49206349206349204,0
F1,AMZN,2018-07,60,0.6166666666666667,0.23995690956687135,0.23771951943560649,0.6166666666666667,0
F1,AMZN,2018-08,69,0.6400862068965517,0.27661828579457937,0.2305148064594193,0.5072463768115942,0
F1,AMZN,2018-09,57,0.4716748768472906,-0.05817474046899912,0.2553051922206057,0.38596491228070173,0
F1,AMZN,2018-10,69,0.65625,0.2890730751633232,0.24220680697950617,0.4492753623188406,0
F1,AMZN,2018-11,60,0.5138888888888888,0.02723168561657922,0.267106988666287,0.5166666666666667,0
F1,AMZN,2018-12,54,0.606015037593985,0.20770247549870044,0.23183241241765348,0.3888888888888889,0
F1,AMZN,2019-01,63,0.49684210526315786,-0.006186882248897459,0.27251657027097936,0.47619047619047616,0
F1,AMZN,2019-02,2,0.5,0.0,0.26145143278404165,1.0,1
F2,AAPL,2018-03,62,0.4239583333333333,-0.15884586105957427,0.3218236568213799,0.3548387096774194,0
F2,AAPL,2018-04,63,0.5579637096774194,0.12157344839459235,0.24257106050333105,0.6507936507936508,0
F2,AAPL,2018-05,66,0.5139794967381175,0.02884636720764711,0.2496898989074392,0.6363636363636364,0
F2,AAPL,2018-06,63,0.3935185185185185,-0.21080522784319533,0.2706153606868883,0.5079365079365079,0
F2,AAPL,2018-07,60,0.47985347985347987,-0.03863074974250641,0.27387296217055795,0.45,0
F2,AAPL,2018-08,69,0.6388888888888888,0.24839788620727343,0.20951725572873084,0.5942028985507246,0
F2,AAPL,2018-09,57,0.5843596059113301,0.21373088995176615,0.24342446352926747,0.8070175438596491,0
F2,AAPL,2018-10,69,0.5064102564102564,0.01676757576219862,0.3107541368019272,0.8260869565217391,0
F2,AAPL,2018-11,60,0.6262513904338154,0.28001888556827803,0.25049160393742603,0.7166666666666667,0
F2,AAPL,2018-12,53,0.5007739938080495,0.0016837880371435127,0.3342213897787733,0.7358490566037735,0
F2,AAPL,2019-01,63,0.5784823284823285,0.1775335718988042,0.2725644790519098,0.746031746031746,0
F2,AAPL,2019-02,2,,0.0,0.4590555618167934,1.0,1
F2,AMZN,2018-03,62,0.382010582010582,-0.2622758125723706,0.34021305830659254,0.7258064516129032,0
F2,AMZN,2018-04,63,0.39642857142857146,-0.205886164914561,0.2897315377159766,0.5079365079365079,0
F2,AMZN,2018-05,65,0.4220272904483431,-0.15415288347095465,0.29092588801302666,0.5384615384615384,0
F2,AMZN,2018-06,63,0.4989130434782609,-0.002195496824144787,0.24424332010338076,0.6507936507936508,0
F2,AMZN,2018-07,60,0.55,0.11095900821829636,0.25747557275356026,0.7166666666666667,0
F2,AMZN,2018-08,69,0.6336206896551724,0.274433014821148,0.23045955049466182,0.6376811594202898,0
F2,AMZN,2018-09,57,0.41995073891625617,-0.16129479177027617,0.2759682940694396,0.43859649122807015,0
F2,AMZN,2018-10,69,0.5446428571428572,0.08625819491779428,0.31556534866295327,0.6521739130434783,0
F2,AMZN,2018-11,60,0.5694444444444444,0.14433756729740643,0.26969373427795784,0.6666666666666666,0
F2,AMZN,2018-12,54,0.544360902255639,0.08568334725853646,0.2564036519905897,0.5740740740740741,0
F2,AMZN,2019-01,63,0.5163157894736843,0.03203033152014646,0.25860775810321435,0.5396825396825397,0
F2,AMZN,2019-02,2,0.5,0.0,0.26145143278404165,1.0,1
F6,AAPL,2018-03,62,0.4666666666666667,-0.06677107811148458,0.27292457158525446,0.532258064516129,0
F6,AAPL,2018-04,63,0.5887096774193548,0.18016453109785477,0.24151779895364803,0.5873015873015873,0
F6,AAPL,2018-05,66,0.559645852749301,0.11846652815860344,0.24386612909982594,0.5151515151515151,0
F6,AAPL,2018-06,63,0.4444444444444444,-0.11239029738980327,0.25604143747816216,0.6031746031746031,0
F6,AAPL,2018-07,60,0.6245421245421245,0.26865930502743096,0.23313221992794514,0.7333333333333333,0
F6,AAPL,2018-08,69,0.49836601307189543,-0.0061406343848634335,0.2254047033669033,0.9420289855072463,0
F6,AAPL,2018-09,57,0.5344827586206896,0.1873758732290221,0.24877587487709044,0.9649122807017544,0
F6,AAPL,2018-10,69,0.47564102564102567,-0.09315516419063742,0.26433476716613225,0.927536231884058,0
F6,AAPL,2018-11,60,0.4949944382647386,-0.010488677029536228,0.24403444476971378,0.65,0
F6,AAPL,2018-12,53,0.5154798761609907,0.03295917321500787,0.26271592243784,0.7169811320754716,0
F6,AAPL,2019-01,63,0.4688149688149688,-0.0781966239492789,0.24935316560042986,0.8095238095238095,0
F6,AAPL,2019-02,2,,0.0,0.36619327304271565,1.0,1
F6,AMZN,2018-03,62,0.4275132275132275,-0.1881582357433006,0.2940422025560994,0.8225806451612904,0
F6,AMZN,2018-04,63,0.5428571428571429,0.09035079029052512,0.2620472327555471,0.6666666666666666,0
F6,AMZN,2018-05,65,0.5804093567251463,0.158970161079422,0.24780277137992274,0.5384615384615384,0
F6,AMZN,2018-06,63,0.6451086956521739,0.28772620881222866,0.23505322245116603,0.6190476190476191,0
F6,AMZN,2018-07,60,0.55,0.11547005383792515,0.24469947592019328,0.75,0
F6,AMZN,2018-08,69,0.6193965517241379,0.2638693649181101,0.23104658625171715,0.7246376811594203,0
F6,AMZN,2018-09,57,0.4944581280788177,-0.011920540257484747,0.2579996889595012,0.6842105263157895,0
F6,AMZN,2018-10,69,0.5416666666666666,0.07856742013183861,0.27107304294789336,0.6086956521739131,0
F6,AMZN,2018-11,60,0.5555555555555556,0.11412279800291011,0.2516044727982864,0.65,0
F6,AMZN,2018-12,54,0.5037593984962406,0.007261300615130208,0.24809209185139564,0.5740740740740741,0
F6,AMZN,2019-01,63,0.4421052631578948,-0.12762257587800854,0.2626374936415917,0.7301587301587301,0
F6,AMZN,2019-02,2,0.5,0.0,0.26145143278404165,1.0,1
F1_new,AAPL,2018-03,62,0.5145833333333334,0.029288959306450306,0.28068955092967074,0.5483870967741935,0
F1_new,AAPL,2018-04,63,0.544858870967742,0.11815066113959706,0.26412512218972994,0.8253968253968254,0
F1_new,AAPL,2018-05,66,0.5251630941286114,0.05016282899579266,0.25556960787737776,0.5454545454545454,0
F1_new,AAPL,2018-06,63,0.41666666666666663,-0.16666666666666666,0.25851391983542843,0.5714285714285714,0
F1_new,AAPL,2018-07,60,0.554945054945055,0.10482848367219183,0.24052626453701736,0.5,0
F1_new,AAPL,2018-08,69,0.46405228758169936,-0.07067418228235592,0.25896360022142967,0.7246376811594203,0
F1_new,AAPL,2018-09,57,0.6016009852216749,0.24917762935063273,0.24419599644957252,0.7894736842105263,0
F1_new,AAPL,2018-10,69,0.5615384615384615,0.15171348989784333,0.25305877766887885,0.7971014492753623,0
F1_new,AAPL,2018-11,60,0.5066740823136818,0.01667593364912675,0.25553551225888277,0.8,0
F1_new,AAPL,2018-12,53,0.5565015479876161,0.12030098223477871,0.2596946425076442,0.7169811320754716,0
F1_new,AAPL,2019-01,63,0.48804573804573803,-0.029085974677101674,0.25620523177629684,0.7936507936507936,0
F1_new,AAPL,2019-02,2,,0.0,0.4083408880370367,1.0,1
F1_new,AMZN,2018-03,62,0.4534391534391534,-0.09649958192743278,0.3035756840863147,0.6451612903225806,0
F1_new,AMZN,2018-04,63,0.4107142857142857,-0.18613229922816868,0.2873958419153093,0.3492063492063492,0
F1_new,AMZN,2018-05,65,0.5969785575048733,0.21748750777439183,0.25079016894636635,0.26153846153846155,0
F1_new,AMZN,2018-06,63,0.5853260869565218,0.16688534570653044,0.24340761297586214,0.4126984126984127,0
F1_new,AMZN,2018-07,60,0.6333333333333333,0.27668578554642986,0.23714691146223407,0.6333333333333333,0
F1_new,AMZN,2018-08,69,0.5961206896551725,0.19324351318655425,0.2250487261865131,0.5942028985507246,0
F1_new,AMZN,2018-09,57,0.4716748768472906,-0.05817474046899912,0.25792974326041707,0.38596491228070173,0
F1_new,AMZN,2018-10,69,0.6800595238095238,0.3322771737175835,0.24239357805431738,0.463768115942029,0
F1_new,AMZN,2018-11,60,0.5,0.0,0.26755073330490997,0.5,0
F1_new,AMZN,2018-12,54,0.6323308270676692,0.2572263857652138,0.23058466403542038,0.4074074074074074,0
F1_new,AMZN,2019-01,63,0.4836842105263158,-0.03203033152014646,0.2745414888928429,0.4603174603174603,0
F1_new,AMZN,2019-02,2,0.5,0.0,0.2567056648500301,1.0,1
F2_new,AAPL,2018-03,62,0.4239583333333333,-0.15884586105957427,0.3218236568213798,0.3548387096774194,0
F2_new,AAPL,2018-04,63,0.5418346774193548,0.08688170650756233,0.25475576085486484,0.6349206349206349,0
F2_new,AAPL,2018-05,66,0.5139794967381175,0.02884636720764711,0.2743571033190625,0.6363636363636364,0
F2_new,AAPL,2018-06,63,0.4027777777777778,-0.19364916731037085,0.31282184180321587,0.5555555555555556,0
F2_new,AAPL,2018-07,60,0.49450549450549447,-0.010488677029536228,0.3066789450026201,0.5166666666666667,0
F2_new,AAPL,2018-08,69,0.630718954248366,0.23883257361061286,0.21564585417548887,0.6376811594202898,0
F2_new,AAPL,2018-09,57,0.5843596059113301,0.21373088995176615,0.23637055027189693,0.8070175438596491,0
F2_new,AAPL,2018-10,69,0.5269230769230769,0.0792593923901217,0.26823713101335783,0.8695652173913043,0
F2_new,AAPL,2018-11,60,0.5411568409343714,0.09725432863545883,0.24320192034934213,0.7666666666666667,0
F2_new,AAPL,2018-12,53,0.5797213622291022,0.1885384697800485,0.278326377084153,0.7924528301886793,0
F2_new,AAPL,2019-01,63,0.5535343035343036,0.13025458224962924,0.25161065900315577,0.7936507936507936,0
F2_new,AAPL,2019-02,2,,0.0,0.3402318974332046,1.0,1
F2_new,AMZN,2018-03,62,0.41058201058201055,-0.19233564228738492,0.33924628529214956,0.6935483870967742,0
F2_new,AMZN,2018-04,63,0.46071428571428574,-0.07809475220897141,0.37206921140938665,0.5079365079365079,0
F2_new,AMZN,2018-05,65,0.4220272904483431,-0.15415288347095465,0.29080596148067867,0.5384615384615384,0
F2_new,AMZN,2018-06,63,0.4989130434782609,-0.002195496824144787,0.25428319025369756,0.6507936507936508,0
F2_new,AMZN,2018-07,60,0.5666666666666667,0.15075567228888181,0.25690296478018776,0.7333333333333333,0
F2_new,AMZN,2018-08,69,0.6258620689655172,0.25303634910526385,0.2270811356277203,0.5942028985507246,0
F2_new,AMZN,2018-09,57,0.4193349753694582,-0.16439549208355386,0.2585362811022419,0.40350877192982454,0
F2_new,AMZN,2018-10,69,0.5967261904761905,0.18033305940750557,0.2673091093924773,0.5797101449275363,0
F2_new,AMZN,2018-11,60,0.5763888888888888,0.15531518604934888,0.24574045292291136,0.6333333333333333,0
F2_new,AMZN,2018-12,54,0.6015037593984962,0.19389168358237033,0.24242974414684873,0.5,0
F2_new,AMZN,2019-01,63,0.53,0.05877538136452586,0.25632210069862893,0.47619047619047616,0
F2_new,AMZN,2019-02,2,0.5,0.0,0.2567056648500301,1.0,1
H0,AAPL,2018-03,62,0.4552083333333333,-0.09191056070762839,0.3322565634579003,0.3870967741935484,0
H0,AAPL,2018-04,63,0.43044354838709675,-0.14321395089868139,0.36755657542098524,0.6190476190476191,0
H0,AAPL,2018-05,66,0.5904007455731594,0.17955083174038333,0.252059199746637,0.5151515151515151,0
H0,AAPL,2018-06,63,0.48611111111111116,-0.027777777777777776,0.26452293901547697,0.42857142857142855,0
H0,AAPL,2018-07,60,0.5494505494505495,0.0989010989010989,0.2611613248330279,0.35,0
H0,AAPL,2018-08,69,0.6503267973856209,0.28005601680560194,0.22046115494887564,0.6666666666666666,0
H0,AAPL,2018-09,57,0.687807881773399,0.41045671814845003,0.22807009306063417,0.7017543859649122,0
H0,AAPL,2018-10,69,0.4346153846153846,-0.17708760343698193,0.2690414081274125,0.8405797101449275,0
H0,AAPL,2018-11,60,0.5583982202447163,0.13478996693836334,0.2504702165035983,0.75,0
H0,AAPL,2018-12,53,0.5828173374613003,0.18016531997435586,0.26619880165767906,0.7358490566037735,0
H0,AAPL,2019-01,63,0.461018711018711,-0.09011715636382381,0.2642377514774791,0.7619047619047619,0
H0,AAPL,2019-02,2,,0.0,0.362081809854178,1.0,1
H0,AMZN,2018-03,62,0.41058201058201055,-0.19233564228738492,0.36021626551022373,0.6935483870967742,0
H0,AMZN,2018-04,63,0.4107142857142857,-0.17748807320220775,0.41137923057091114,0.49206349206349204,0
H0,AMZN,2018-05,65,0.5467836257309941,0.10304154720105538,0.2594666230415548,0.27692307692307694,0
H0,AMZN,2018-06,63,0.6043478260869566,0.20118227630781807,0.24195413145440692,0.5238095238095238,0
H0,AMZN,2018-07,60,0.6666666666666667,0.35355339059327373,0.2341213873008203,0.6666666666666666,0
H0,AMZN,2018-08,69,0.6775862068965517,0.3524484266511361,0.2294560552784064,0.5507246376811594,0
H0,AMZN,2018-09,57,0.4211822660098522,-0.15763546798029557,0.2569880309227072,0.5087719298245614,0
H0,AMZN,2018-10,69,0.6041666666666666,0.19190257769659927,0.2514670877791447,0.5217391304347826,0
H0,AMZN,2018-11,60,0.5138888888888888,0.02723168561657922,0.2722019936931899,0.5166666666666667,0
H0,AMZN,2018-12,54,0.5894736842105264,0.17138276114211987,0.23885249347648574,0.46296296296296297,0
H0,AMZN,2019-01,63,0.4105263157894737,-0.17511819922894495,0.2709825771345156,0.49206349206349204,0
H0,AMZN,2019-02,2,0.5,0.0,0.2567056648500301,1.0,1
H1,AAPL,2018-03,62,0.5104166666666666,0.0222717701593687,0.33007086992644924,0.6774193548387096,0
H1,AAPL,2018-04,63,0.5252016129032258,0.05118310542552692,0.3298374570601005,0.5873015873015873,0
H1,AAPL,2018-05,66,0.5144454799627214,0.03278984261532774,0.35637996375071224,0.25757575757575757,0
H1,AAPL,2018-06,63,0.5740740740740741,0.14664711502135327,0.30761088896592803,0.49206349206349204,0
H1,AAPL,2018-07,60,0.5384615384615384,0.07546295692968115,0.2672322943974684,0.38333333333333336,0
H1,AAPL,2018-08,69,0.5849673202614378,0.16011904396842466,0.2232052411393129,0.6811594202898551,0
H1,AAPL,2018-09,57,0.6188423645320198,0.2831921951995806,0.2338178994849232,0.7719298245614035,0
H1,AAPL,2018-10,69,0.514102564102564,0.04367280615529453,0.2688206036402491,0.8840579710144928,0
H1,AAPL,2018-11,60,0.5239154616240267,0.05801870147824263,0.2532096821815166,0.7833333333333333,0
H1,AAPL,2018-12,53,0.5944272445820433,0.2164018754615814,0.2799850215669985,0.7735849056603774,0
H1,AAPL,2019-01,63,0.48232848232848236,-0.04583459166522033,0.25405849554781906,0.8253968253968254,0
H1,AAPL,2019-02,2,,0.0,0.36402216085879097,1.0,1
H1,AMZN,2018-03,62,0.382010582010582,-0.2622758125723706,0.35390478343507153,0.7258064516129032,0
H1,AMZN,2018-04,63,0.45357142857142857,-0.09372184261837677,0.4419521466670127,0.5873015873015873,0
H1,AMZN,2018-05,65,0.42543859649122806,-0.1705924156809514,0.37889053515323656,0.24615384615384617,0
H1,AMZN,2018-06,63,0.46467391304347827,-0.07135364678470558,0.2577967589521223,0.6507936507936508,0
H1,AMZN,2018-07,60,0.7666666666666667,0.5333333333333333,0.221639617185838,0.5,0
H1,AMZN,2018-08,69,0.5913793103448276,0.18615982608054538,0.24393376524557975,0.6231884057971014,0
H1,AMZN,2018-09,57,0.4907635467980296,-0.0184956984007698,0.25224990507239736,0.47368421052631576,0
H1,AMZN,2018-10,69,0.6473214285714286,0.2846520432287211,0.2551692692507887,0.6521739130434783,0
H1,AMZN,2018-11,60,0.4930555555555556,-0.013994571159380999,0.27481211782939763,0.6166666666666667,0
H1,AMZN,2018-12,54,0.5466165413533834,0.08910768833625551,0.24966684237309109,0.5185185185185185,0
H1,AMZN,2019-01,63,0.4031578947368421,-0.1936842105263158,0.2763082086956361,0.6031746031746031,0
H1,AMZN,2019-02,2,0.5,0.0,0.27051504381645197,1.0,1
H2,AAPL,2018-03,62,0.5270833333333333,0.057196065046082586,0.32977779784174216,0.6612903225806451,0
H2,AAPL,2018-04,63,0.5090725806451613,0.01833088937766916,0.33184537693822763,0.5714285714285714,0
H2,AAPL,2018-05,66,0.4972041006523765,-0.006231527532127217,0.35234946701111236,0.2727272727272727,0
H2,AAPL,2018-06,63,0.49537037037037035,-0.009174698042719672,0.27810494626004556,0.47619047619047616,0
H2,AAPL,2018-07,60,0.5622710622710623,0.12326934324804635,0.2702011099451235,0.36666666666666664,0
H2,AAPL,2018-08,69,0.5669934640522876,0.12967932252551395,0.22125460004775394,0.7101449275362319,0
H2,AAPL,2018-09,57,0.583743842364532,0.19955512200592207,0.23681096796455198,0.7719298245614035,0
H2,AAPL,2018-10,69,0.49743589743589745,-0.007548513560963971,0.27085240624978485,0.8695652173913043,0
H2,AAPL,2018-11,60,0.5066740823136818,0.01667593364912675,0.25218640927914066,0.8,0
H2,AAPL,2018-12,53,0.5681114551083591,0.15183249942890767,0.2827861574755112,0.7547169811320755,0
H2,AAPL,2019-01,63,0.48804573804573803,-0.029085974677101674,0.2536658107445172,0.7936507936507936,0
H2,AAPL,2019-02,2,,0.0,0.38802603924814333,1.0,1
H2,AMZN,2018-03,62,0.4291005291005291,-0.15489104267951137,0.3566667029232363,0.7096774193548387,0
H2,AMZN,2018-04,63,0.39285714285714285,-0.2192645048267573,0.4642623610661307,0.6190476190476191,0
H2,AMZN,2018-05,65,0.449317738791423,-0.12487810821089253,0.39711118860773914,0.2,0
H2,AMZN,2018-06,63,0.5233695652173913,0.04501100457620699,0.25779795084572243,0.5079365079365079,0
H2,AMZN,2018-07,60,0.75,0.5002780094738025,0.2196011865973184,0.48333333333333334,0
H2,AMZN,2018-08,69,0.5913793103448276,0.18615982608054538,0.2440822390297688,0.6231884057971014,0
H2,AMZN,2018-09,57,0.5080049261083743,0.01606933174873139,0.2541065875320223,0.45614035087719296,0
H2,AMZN,2018-10,69,0.6071428571428572,0.19889806323953876,0.25707193152038355,0.5652173913043478,0
H2,AMZN,2018-11,60,0.4722222222222222,-0.0564782494724905,0.27985981468196736,0.6333333333333333,0
H2,AMZN,2018-12,54,0.5203007518796992,0.038778336716474064,0.25034768954576403,0.5,0
H2,AMZN,2019-01,63,0.42947368421052634,-0.14333395419658695,0.2774336376715927,0.6349206349206349,0
H2,AMZN,2019-02,2,0.5,0.0,0.24579653646282826,1.0,1
P_cross_hgb,AAPL,2018-03,62,0.45,-0.10041928905068677,0.34494705032762085,0.5483870967741935,0
P_cross_hgb,AAPL,2018-04,63,0.5554435483870968,0.11088709677419355,0.25777078784529067,0.49206349206349204,0
P_cross_hgb,AAPL,2018-05,66,0.47343895619757687,-0.053624197893232216,0.3218791375544543,0.5909090909090909,0
P_cross_hgb,AAPL,2018-06,63,0.5833333333333334,0.16547920455440748,0.2587988991074858,0.5396825396825397,0
P_cross_hgb,AAPL,2018-07,60,0.652014652014652,0.2901867311505023,0.24874153402594837,0.48333333333333334,0
P_cross_hgb,AAPL,2018-08,69,0.5506535947712419,0.11061556586789222,0.21834725451009232,0.7971014492753623,0
P_cross_hgb,AAPL,2018-09,57,0.5307881773399015,0.07151444030922083,0.27628635729516904,0.7543859649122807,0
P_cross_hgb,AAPL,2018-10,69,0.5025641025641026,0.0063213954124101395,0.2962252594392697,0.7971014492753623,0
P_cross_hgb,AAPL,2018-11,60,0.4949944382647386,-0.010488677029536228,0.2744679822550079,0.65,0
P_cross_hgb,AAPL,2018-12,53,0.5975232198142415,0.20764279125454954,0.27618366807328104,0.7169811320754716,0
P_cross_hgb,AAPL,2019-01,63,0.44542619542619544,-0.1139901881468883,0.2895070674862347,0.6666666666666666,0
P_cross_hgb,AAPL,2019-02,2,,0.0,0.34775458328394804,1.0,1
P_cross_hgb,AMZN,2018-03,62,0.3592592592592593,-0.29855619650098675,0.3503237173343977,0.6774193548387096,0
P_cross_hgb,AMZN,2018-04,63,0.4857142857142857,-0.02883749003642362,0.3003969867957747,0.5873015873015873,0
P_cross_hgb,AMZN,2018-05,65,0.4848927875243665,-0.0332738329503408,0.2640994184936206,0.7230769230769231,0
P_cross_hgb,AMZN,2018-06,63,0.36195652173913045,-0.27882809666638797,0.3016408059737112,0.6507936507936508,0
P_cross_hgb,AMZN,2018-07,60,0.4666666666666667,-0.08333333333333333,0.3045475175280535,0.8,0
P_cross_hgb,AMZN,2018-08,69,0.4362068965517241,-0.1461526143282709,0.26676656199962384,0.7536231884057971,0
P_cross_hgb,AMZN,2018-09,57,0.44273399014778325,-0.1300273343211129,0.28306530611093567,0.7368421052631579,0
P_cross_hgb,AMZN,2018-10,69,0.5178571428571429,0.033465806118987015,0.28204313710588214,0.5942028985507246,0
P_cross_hgb,AMZN,2018-11,60,0.5625,0.12274756325774572,0.25011261296849113,0.5333333333333333,0
P_cross_hgb,AMZN,2018-12,54,0.5135338345864662,0.02742042485535409,0.27298320554240607,0.6666666666666666,0
P_cross_hgb,AMZN,2019-01,63,0.46894736842105267,-0.06527411366170119,0.25254907755751804,0.6825396825396826,0
P_cross_hgb,AMZN,2019-02,2,0.5,0.0,0.2600867355439318,1.0,1
P_cross_lr,AAPL,2018-03,62,0.4864583333333333,-0.02742835785851597,0.32759760181469494,0.41935483870967744,0
P_cross_lr,AAPL,2018-04,63,0.5564516129032258,0.11359236684941297,0.23820034493959807,0.5555555555555556,0
P_cross_lr,AAPL,2018-05,66,0.49068033550792167,-0.018717994731537357,0.29710878184937867,0.5757575757575758,0
P_cross_lr,AAPL,2018-06,63,0.4907407407407407,-0.01833088937766916,0.27853742082884553,0.5079365079365079,0
P_cross_lr,AAPL,2018-07,60,0.5915750915750916,0.17471413945365305,0.24733567701608936,0.5,0
P_cross_lr,AAPL,2018-08,69,0.6241830065359477,0.24836601307189543,0.21870721309495833,0.7391304347826086,0
P_cross_lr,AAPL,2018-09,57,0.4963054187192118,-0.009061004703659371,0.2465771560845462,0.7894736842105263,0
P_cross_lr,AAPL,2018-10,69,0.5115384615384615,0.0265487880754859,0.27581786472563796,0.7536231884057971,0
P_cross_lr,AAPL,2018-11,60,0.5456062291434928,0.09458687292928995,0.2710624252317945,0.6333333333333333,0
P_cross_lr,AAPL,2018-12,53,0.6068111455108359,0.20580608326643168,0.26139488592810417,0.5471698113207547,0
P_cross_lr,AAPL,2019-01,63,0.4802494802494802,-0.04467732272950039,0.2758147633493679,0.746031746031746,0
P_cross_lr,AAPL,2019-02,2,,0.0,0.3494968692012152,1.0,1
P_cross_lr,AMZN,2018-03,62,0.3735449735449735,-0.2649600645856019,0.32131528597462555,0.6612903225806451,0
P_cross_lr,AMZN,2018-04,63,0.42857142857142855,-0.14890583938253493,0.2634284307373465,0.6507936507936508,0
P_cross_lr,AMZN,2018-05,65,0.4853801169590643,-0.028903665650804,0.273451855108723,0.5384615384615384,0
P_cross_lr,AMZN,2018-06,63,0.5239130434782608,0.04946631254546167,0.2394611184598686,0.6825396825396826,0
P_cross_lr,AMZN,2018-07,60,0.5666666666666667,0.15762208124782015,0.24764079747882423,0.7666666666666667,0
P_cross_lr,AMZN,2018-08,69,0.6211206896551724,0.24674958079543985,0.226379329054252,0.6231884057971014,0
P_cross_lr,AMZN,2018-09,57,0.562807881773399,0.1271919326431982,0.2693624155574306,0.5789473684210527,0
P_cross_lr,AMZN,2018-10,69,0.5892857142857143,0.1709408646894569,0.282904655842292,0.6376811594202898,0
P_cross_lr,AMZN,2018-11,60,0.5555555555555556,0.10984700727621793,0.29276339820921027,0.5666666666666667,0
P_cross_lr,AMZN,2018-12,54,0.544360902255639,0.08568334725853646,0.2554491840779158,0.5740740740740741,0
P_cross_lr,AMZN,2019-01,63,0.37631578947368427,-0.2538649774406041,0.28538608101797114,0.6507936507936508,0
P_cross_lr,AMZN,2019-02,2,0.5,0.0,0.22171485517590472,1.0,1
P_cross_tabpfn,AAPL,2018-03,62,0.43645833333333334,-0.1272823676500175,0.31149897381526676,0.46774193548387094,0
P_cross_tabpfn,AAPL,2018-04,63,0.5569556451612903,0.11567381826169085,0.2525909416366342,0.5873015873015873,0
P_cross_tabpfn,AAPL,2018-05,66,0.5521901211556384,0.1048207704966092,0.26866772428934793,0.5757575757575758,0
P_cross_tabpfn,AAPL,2018-06,63,0.44907407407407407,-0.10573013661495896,0.26260169343439743,0.3492063492063492,0
P_cross_tabpfn,AAPL,2018-07,60,0.5567765567765568,0.10886847654706353,0.22761930057909238,0.55,0
P_cross_tabpfn,AAPL,2018-08,69,0.5049019607843137,0.008610882996604705,0.2537008388993504,0.5072463768115942,0
P_cross_tabpfn,AAPL,2018-09,57,0.5511083743842364,0.18063978337461514,0.25418758338093755,0.9122807017543859,0
P_cross_tabpfn,AAPL,2018-10,69,0.514102564102564,0.04367280615529453,0.2629725855455059,0.8840579710144928,0
P_cross_tabpfn,AAPL,2018-11,60,0.4721913236929922,-0.07457704245544709,0.2712034160162774,0.8333333333333334,0
P_cross_tabpfn,AAPL,2018-12,53,0.5944272445820433,0.2164018754615814,0.27039463145121584,0.7735849056603774,0
P_cross_tabpfn,AAPL,2019-01,63,0.4438669438669439,-0.1579494379477969,0.2581764734051247,0.8571428571428571,0
P_cross_tabpfn,AAPL,2019-02,2,,0.0,0.3881266839454174,1.0,1
P_cross_tabpfn,AMZN,2018-03,62,0.4703703703703703,-0.07027283689263066,0.29809357560927946,0.7741935483870968,0
P_cross_tabpfn,AMZN,2018-04,63,0.5178571428571428,0.03998081381295008,0.26517206858215886,0.7301587301587301,0
P_cross_tabpfn,AMZN,2018-05,65,0.5565302144249512,0.11306042884990253,0.2610637250183626,0.5846153846153846,0
P_cross_tabpfn,AMZN,2018-06,63,0.4896739130434783,-0.021360453144631173,0.25400302851674084,0.6825396825396826,0
P_cross_tabpfn,AMZN,2018-07,60,0.5,0.0,0.2547248266010416,0.9333333333333333,0
P_cross_tabpfn,AMZN,2018-08,69,0.5064655172413793,0.018952451089472588,0.2438578126264683,0.8695652173913043,0
P_cross_tabpfn,AMZN,2018-09,57,0.5123152709359606,0.026915194632685248,0.2498225965702283,0.7017543859649122,0
P_cross_tabpfn,AMZN,2018-10,69,0.5372023809523809,0.07546020131504612,0.25181195651693206,0.7101449275362319,0
P_cross_tabpfn,AMZN,2018-11,60,0.5694444444444444,0.14433756729740643,0.24990759780431215,0.6666666666666666,0
P_cross_tabpfn,AMZN,2018-12,54,0.5706766917293233,0.1373822742155119,0.2531988283407492,0.5925925925925926,0
P_cross_tabpfn,AMZN,2019-01,63,0.4615789473684211,-0.09289757539446356,0.2475850950393842,0.7936507936507936,0
P_cross_tabpfn,AMZN,2019-02,2,0.5,0.0,0.22665340255920263,1.0,1
P_own_hgb,AAPL,2018-03,62,0.434375,-0.13145556003198527,0.3490761163126989,0.532258064516129,0
P_own_hgb,AAPL,2018-04,63,0.5070564516129032,0.014199045856176621,0.2563576756826934,0.4444444444444444,0
P_own_hgb,AAPL,2018-05,66,0.43662628145386767,-0.12587068616851615,0.2969213565926785,0.5151515151515151,0
P_own_hgb,AAPL,2018-06,63,0.5416666666666666,0.08429272304235245,0.2429544787162993,0.6031746031746031,0
P_own_hgb,AAPL,2018-07,60,0.6153846153846154,0.22026221762026077,0.24732166380501502,0.48333333333333334,0
P_own_hgb,AAPL,2018-08,69,0.6519607843137255,0.29875904328450453,0.21688373752972645,0.7246376811594203,0
P_own_hgb,AAPL,2018-09,57,0.583128078817734,0.18874935627258327,0.25857301467317084,0.7368421052631579,0
P_own_hgb,AAPL,2018-10,69,0.5448717948717949,0.10785837148823899,0.2624502685973558,0.782608695652174,0
P_own_hgb,AAPL,2018-11,60,0.4582869855394883,-0.09627854781311668,0.27617993136499286,0.75,0
P_own_hgb,AAPL,2018-12,53,0.5828173374613003,0.18016531997435586,0.2932907934006614,0.7358490566037735,0
P_own_hgb,AAPL,2019-01,63,0.3799376299376299,-0.25077841392315425,0.30776976755766283,0.6666666666666666,0
P_own_hgb,AAPL,2019-02,2,,0.0,0.5043324889715765,1.0,1
P_own_hgb,AMZN,2018-03,62,0.37777777777777777,-0.2628966471502125,0.362649170642843,0.6935483870967742,0
P_own_hgb,AMZN,2018-04,63,0.43214285714285716,-0.13530073182527272,0.30101746775156246,0.5396825396825397,0
P_own_hgb,AMZN,2018-05,65,0.5038986354775828,0.007693004760192652,0.2697622158875878,0.5230769230769231,0
P_own_hgb,AMZN,2018-06,63,0.4923913043478261,-0.014744195615489715,0.25811362387784326,0.5555555555555556,0
P_own_hgb,AMZN,2018-07,60,0.3833333333333333,-0.24459979523511427,0.2915844045437058,0.65,0
P_own_hgb,AMZN,2018-08,69,0.4456896551724138,-0.11652289992484975,0.27292611915804904,0.6956521739130435,0
P_own_hgb,AMZN,2018-09,57,0.5301724137931034,0.0671376515502072,0.2639102391474626,0.7192982456140351,0
P_own_hgb,AMZN,2018-10,69,0.5550595238095238,0.1054135332251651,0.27517287644328714,0.6376811594202898,0
P_own_hgb,AMZN,2018-11,60,0.5069444444444444,0.014119562368122625,0.26110105278146656,0.6333333333333333,0
P_own_hgb,AMZN,2018-12,54,0.46090225563909776,-0.07732822912690228,0.2958874126875969,0.6296296296296297,0
P_own_hgb,AMZN,2019-01,63,0.5889473684210527,0.1767817244340697,0.25420752799566493,0.5873015873015873,0
P_own_hgb,AMZN,2019-02,2,0.0,-1.0,0.27977990142485865,0.5,0
P_own_lr,AAPL,2018-03,62,0.45416666666666666,-0.09283444198266944,0.30819176380962665,0.41935483870967744,0
P_own_lr,AAPL,2018-04,63,0.5246975806451613,0.049696660496618174,0.2544126602099706,0.5555555555555556,0
P_own_lr,AAPL,2018-05,66,0.5535880708294502,0.10717614165890028,0.26829312322950893,0.4393939393939394,0
P_own_lr,AAPL,2018-06,63,0.44907407407407407,-0.10112618056102679,0.27757307645000134,0.4603174603174603,0
P_own_lr,AAPL,2018-07,60,0.6172161172161172,0.22413272587221034,0.23930497764555564,0.5333333333333333,0
P_own_lr,AAPL,2018-08,69,0.5849673202614378,0.16011904396842466,0.22163355170502877,0.6811594202898551,0
P_own_lr,AAPL,2018-09,57,0.583128078817734,0.18874935627258327,0.23391685073597573,0.7368421052631579,0
P_own_lr,AAPL,2018-10,69,0.5076923076923077,0.017073311796734165,0.2589914157939952,0.7246376811594203,0
P_own_lr,AAPL,2018-11,60,0.5595105672969967,0.13199128086258038,0.26193196011813435,0.7166666666666667,0
P_own_lr,AAPL,2018-12,53,0.5510835913312693,0.0988560221951239,0.27010836189886034,0.5660377358490566,0
P_own_lr,AAPL,2019-01,63,0.4724532224532224,-0.059099688913016576,0.2749772563997905,0.6984126984126984,0
P_own_lr,AAPL,2019-02,2,,0.0,0.43490441122617274,1.0,1
P_own_lr,AMZN,2018-03,62,0.4291005291005291,-0.15489104267951137,0.3125800140143523,0.7096774193548387,0
P_own_lr,AMZN,2018-04,63,0.4714285714285714,-0.058038100008800934,0.287192025216281,0.6031746031746031,0
P_own_lr,AMZN,2018-05,65,0.4722222222222222,-0.054812658916372645,0.25939251703554306,0.5230769230769231,0
P_own_lr,AMZN,2018-06,63,0.6048913043478261,0.22006970263318495,0.23450514679304893,0.6984126984126984,0
P_own_lr,AMZN,2018-07,60,0.6,0.2364331218717302,0.24156045313866373,0.7666666666666667,0
P_own_lr,AMZN,2018-08,69,0.6211206896551724,0.24674958079543985,0.22951077890250585,0.6231884057971014,0
P_own_lr,AMZN,2018-09,57,0.49384236453201974,-0.012900487596043946,0.26909145085122754,0.6491228070175439,0
P_own_lr,AMZN,2018-10,69,0.5654761904761905,0.1243434071559219,0.2801512560590883,0.6231884057971014,0
P_own_lr,AMZN,2018-11,60,0.513888888888889,0.027777777777777776,0.2883489403084842,0.6,0
P_own_lr,AMZN,2018-12,54,0.5586466165413534,0.1127242960381356,0.2578920822214658,0.5555555555555556,0
P_own_lr,AMZN,2019-01,63,0.4226315789473684,-0.16059101370939324,0.274643734677918,0.6666666666666666,0
P_own_lr,AMZN,2019-02,2,0.5,0.0,0.2567056648500301,1.0,1
P_own_tabpfn,AAPL,2018-03,62,0.471875,-0.058191817512585564,0.2866455000352868,0.3709677419354839,0
P_own_tabpfn,AAPL,2018-04,63,0.5574596774193548,0.11830717682934551,0.25309956945672935,0.6190476190476191,0
P_own_tabpfn,AAPL,2018-05,66,0.570829450139795,0.14225675995968393,0.2508623021826316,0.42424242424242425,0
P_own_tabpfn,AAPL,2018-06,63,0.4675925925925926,-0.06804138174397717,0.25901990074982006,0.3333333333333333,0
P_own_tabpfn,AAPL,2018-07,60,0.5604395604395604,0.12087912087912088,0.23001498921730346,0.65,0
P_own_tabpfn,AAPL,2018-08,69,0.5964052287581699,0.1964833676897975,0.22164751442635736,0.7536231884057971,0
P_own_tabpfn,AAPL,2018-09,57,0.5671182266009852,0.17644101780442445,0.25138517494924006,0.8245614035087719,0
P_own_tabpfn,AAPL,2018-10,69,0.5435897435897437,0.13498867357091038,0.26032136623241137,0.8840579710144928,0
P_own_tabpfn,AAPL,2018-11,60,0.40545050055617354,-0.2535619443485201,0.2749408732861903,0.8333333333333334,0
P_own_tabpfn,AAPL,2018-12,53,0.5386996904024768,0.09152352901944102,0.27402111311036825,0.7924528301886793,0
P_own_tabpfn,AAPL,2019-01,63,0.4360706860706861,-0.16030307909602173,0.25688982936695587,0.8095238095238095,0
P_own_tabpfn,AAPL,2019-02,2,,0.0,0.40274616866663315,1.0,1
P_own_tabpfn,AMZN,2018-03,62,0.4433862433862434,-0.12177463742455731,0.3197828715976989,0.6935483870967742,0
P_own_tabpfn,AMZN,2018-04,63,0.4714285714285714,-0.09035079029052513,0.25981908104440254,0.8888888888888888,0
P_own_tabpfn,AMZN,2018-05,65,0.43762183235867447,-0.12739099802666998,0.2529379680192844,0.6307692307692307,0
P_own_tabpfn,AMZN,2018-06,63,0.5679347826086957,0.17231301638497498,0.23885921146772232,0.8253968253968254,0
P_own_tabpfn,AMZN,2018-07,60,0.5166666666666667,0.07647191129018727,0.25054204179243217,0.95,0
P_own_tabpfn,AMZN,2018-08,69,0.528448275862069,0.07409465668197894,0.24305316884019218,0.8260869565217391,0
P_own_tabpfn,AMZN,2018-09,57,0.6016009852216749,0.24917762935063273,0.2560119566678281,0.7894736842105263,0
P_own_tabpfn,AMZN,2018-10,69,0.5372023809523809,0.07546020131504612,0.2582174191038571,0.7101449275362319,0
P_own_tabpfn,AMZN,2018-11,60,0.4791666666666667,-0.041666666666666664,0.2541272811931009,0.6,0
P_own_tabpfn,AMZN,2018-12,54,0.5706766917293233,0.1373822742155119,0.24826057481355282,0.5925925925925926,0
P_own_tabpfn,AMZN,2019-01,63,0.4815789473684211,-0.043355498476206004,0.2504198438572807,0.7777777777777778,0
P_own_tabpfn,AMZN,2019-02,2,1.0,1.0,0.2378024026791259,0.5,0
T_A1,AAPL,2018-03,62,0.5625,0.12598815766974242,0.2629473348836228,0.5645161290322581,0
T_A1,AAPL,2018-04,63,0.4475806451612903,-0.11420217218651821,0.3604214128533945,0.6984126984126984,0
T_A1,AAPL,2018-05,66,0.4659832246039143,-0.07086386789708282,0.2999667395372928,0.6515151515151515,0
T_A1,AAPL,2018-06,63,0.4074074074074074,-0.18349396085439343,0.31781937977353075,0.5238095238095238,0
T_A1,AAPL,2018-07,60,0.5604395604395604,0.12394371660990718,0.26139835727032057,0.31666666666666665,0
T_A1,AAPL,2018-08,69,0.6062091503267973,0.22101174045548777,0.21546738112538288,0.7681159420289855,0
T_A1,AAPL,2018-09,57,0.6163793103448276,0.24122532033850386,0.23180990157416065,0.631578947368421,0
T_A1,AAPL,2018-10,69,0.44743589743589746,-0.1374941212500287,0.291995735515788,0.8260869565217391,0
T_A1,AAPL,2018-11,60,0.5595105672969967,0.13199128086258038,0.25356422141244533,0.7166666666666667,0
T_A1,AAPL,2018-12,53,0.5890092879256965,0.17612037990116486,0.258070312748308,0.6226415094339622,0
T_A1,AAPL,2019-01,63,0.4916839916839917,-0.017590704010141334,0.26795789872914766,0.6825396825396826,0
T_A1,AAPL,2019-02,2,,0.0,0.4387856912998541,1.0,1
T_A1,AMZN,2018-03,62,0.4677248677248677,-0.0662548552106274,0.30218289479606303,0.6290322580645161,0
T_A1,AMZN,2018-04,63,0.3892857142857143,-0.22349054778228306,0.4114240088858459,0.5873015873015873,0
T_A1,AMZN,2018-05,65,0.5248538011695907,0.049707602339181284,0.2562128171705739,0.5846153846153846,0
T_A1,AMZN,2018-06,63,0.6608695652173913,0.332773375305833,0.23956559298668043,0.6825396825396826,0
T_A1,AMZN,2018-07,60,0.6000000000000001,0.2182178902359924,0.24493833682983998,0.7,0
T_A1,AMZN,2018-08,69,0.6258620689655172,0.25303634910526385,0.23204497556802897,0.5942028985507246,0
T_A1,AMZN,2018-09,57,0.4735221674876847,-0.05295566502463054,0.265716127655459,0.49122807017543857,0
T_A1,AMZN,2018-10,69,0.5625,0.11652289992484975,0.2678897717336851,0.5797101449275363,0
T_A1,AMZN,2018-11,60,0.4791666666666667,-0.041666666666666664,0.28000614384961614,0.6,0
T_A1,AMZN,2018-12,54,0.6015037593984962,0.19389168358237033,0.23368337891726199,0.5,0
T_A1,AMZN,2019-01,63,0.3173684210526316,-0.35853306572551036,0.28453651478208364,0.5396825396825397,0
T_A1,AMZN,2019-02,2,0.5,0.0,0.2567056648500301,1.0,1
T_A1_interaction,AAPL,2018-03,62,0.4458333333333333,-0.11581320482871722,0.2709329391760279,0.6774193548387096,0
T_A1_interaction,AAPL,2018-04,63,0.4954637096774194,-0.010040241611281236,0.26665182425309886,0.7142857142857143,0
T_A1_interaction,AAPL,2018-05,66,0.4044734389561976,-0.19900127286167094,0.28268476566641837,0.6515151515151515,0
T_A1_interaction,AAPL,2018-06,63,0.39814814814814814,-0.20184335693983277,0.27628074256723606,0.47619047619047616,0
T_A1_interaction,AAPL,2018-07,60,0.3901098901098901,-0.22237479499833035,0.2918786608060048,0.3333333333333333,0
T_A1_interaction,AAPL,2018-08,69,0.5294117647058824,0.053302983402117865,0.25780881076261847,0.37681159420289856,0
T_A1_interaction,AAPL,2018-09,57,0.5258620689655172,0.05178795552215545,0.22783110942320187,0.47368421052631576,0
T_A1_interaction,AAPL,2018-10,69,0.5679487179487179,0.13902192304590422,0.2598331487132229,0.6231884057971014,0
T_A1_interaction,AAPL,2018-11,60,0.5489432703003337,0.09805027621652566,0.25121529553247307,0.5333333333333333,0
T_A1_interaction,AAPL,2018-12,53,0.6215170278637772,0.23347176871007033,0.22841011412032453,0.5283018867924528,0
T_A1_interaction,AAPL,2019-01,63,0.5124740124740125,0.024592694134653176,0.262863605624177,0.47619047619047616,0
T_A1_interaction,AAPL,2019-02,2,,0.0,0.337986065478038,1.0,1
T_A1_interaction,AMZN,2018-03,62,0.49047619047619045,-0.020203050891044214,0.2805666232157681,0.6774193548387096,0
T_A1_interaction,AMZN,2018-04,63,0.41785714285714287,-0.16428571428571428,0.29513794450691394,0.5555555555555556,0
T_A1_interaction,AMZN,2018-05,65,0.5355750487329435,0.07019866843675795,0.2508752682278936,0.5230769230769231,0
T_A1_interaction,AMZN,2018-06,63,0.5733695652173914,0.14276006018004017,0.24652240325083263,0.5714285714285714,0
T_A1_interaction,AMZN,2018-07,60,0.55,0.10141851056742199,0.23904640063401938,0.5833333333333334,0
T_A1_interaction,AMZN,2018-08,69,0.6258620689655172,0.25303634910526385,0.22919334845464162,0.5942028985507246,0
T_A1_interaction,AMZN,2018-09,57,0.41995073891625617,-0.16129479177027617,0.26867245714753596,0.43859649122807015,0
T_A1_interaction,AMZN,2018-10,69,0.5848214285714286,0.15896257906518832,0.24801948851070413,0.4057971014492754,0
T_A1_interaction,AMZN,2018-11,60,0.4930555555555556,-0.013638618139749523,0.27931099433567186,0.5333333333333333,0
T_A1_interaction,AMZN,2018-12,54,0.6157894736842104,0.22133200006102177,0.23578456076017093,0.48148148148148145,0
T_A1_interaction,AMZN,2019-01,63,0.36368421052631583,-0.2684262125407043,0.2790818021725028,0.5555555555555556,0
T_A1_interaction,AMZN,2019-02,2,0.5,0.0,0.2567056648500301,1.0,1
T_mix,AAPL,2018-03,62,0.4979166666666667,-0.00419960525565808,0.3227610381984255,0.5645161290322581,0
T_mix,AAPL,2018-04,63,0.4949596774193548,-0.010826670965770146,0.3323306383955018,0.6825396825396826,0
T_mix,AAPL,2018-05,66,0.5041938490214353,0.008466978614720877,0.29596150617131844,0.5909090909090909,0
T_mix,AAPL,2018-06,63,0.45833333333333337,-0.08429272304235245,0.2613587316244924,0.3968253968253968,0
T_mix,AAPL,2018-07,60,0.5384615384615384,0.07546295692968115,0.2713676084341318,0.38333333333333336,0
T_mix,AAPL,2018-08,69,0.5375816993464052,0.07001400420140048,0.24684111803991093,0.6666666666666666,0
T_mix,AAPL,2018-09,57,0.5301724137931034,0.0671376515502072,0.2365844503766586,0.7192982456140351,0
T_mix,AAPL,2018-10,69,0.48589743589743595,-0.03389834532487511,0.31466009741616185,0.782608695652174,0
T_mix,AAPL,2018-11,60,0.5378197997775306,0.1111942683409761,0.26169965399382067,0.8666666666666667,0
T_mix,AAPL,2018-12,53,0.5239938080495355,0.058818129207085575,0.3180399040341861,0.8113207547169812,0
T_mix,AAPL,2019-01,63,0.4495841995841996,-0.1307633938684227,0.2923676630368846,0.8253968253968254,0
T_mix,AAPL,2019-02,2,,0.0,0.4293181441792513,1.0,1
T_mix,AMZN,2018-03,62,0.39629629629629626,-0.22655704750137484,0.3630120921433589,0.7096774193548387,0
T_mix,AMZN,2018-04,63,0.425,-0.1492405014489273,0.41789960085200145,0.47619047619047616,0
T_mix,AMZN,2018-05,65,0.40594541910331383,-0.19208173921208832,0.35591823651510907,0.6307692307692307,0
T_mix,AMZN,2018-06,63,0.5483695652173912,0.09344533719400813,0.2433294017256693,0.5396825396825397,0
T_mix,AMZN,2018-07,60,0.5666666666666667,0.15075567228888181,0.24495671222107468,0.7333333333333333,0
T_mix,AMZN,2018-08,69,0.655603448275862,0.31282918502397344,0.24940670111870283,0.5942028985507246,0
T_mix,AMZN,2018-09,57,0.4913793103448276,-0.017241379310344827,0.2549549075620416,0.5087719298245614,0
T_mix,AMZN,2018-10,69,0.5758928571428572,0.1431049438115632,0.287175257974781,0.6086956521739131,0
T_mix,AMZN,2018-11,60,0.5208333333333334,0.041192627728581725,0.2696698186735414,0.5666666666666667,0
T_mix,AMZN,2018-12,54,0.5323308270676692,0.061928224614379454,0.2652862411413246,0.5370370370370371,0
T_mix,AMZN,2019-01,63,0.503157894736842,0.006186882248897459,0.2556475257131769,0.5238095238095238,0
T_mix,AMZN,2019-02,2,0.5,0.0,0.2567056648500301,1.0,1
T_original,AAPL,2018-03,62,0.58125,0.1625,0.26514361126457675,0.4838709677419355,0
T_original,AAPL,2018-04,63,0.38356854838709675,-0.24695729028681548,0.4084498097458094,0.6666666666666666,0
T_original,AAPL,2018-05,66,0.49673811742777263,-0.006795165414788764,0.32005351378448643,0.6515151515151515,0
T_original,AAPL,2018-06,63,0.39814814814814814,-0.2047597175387335,0.31918599587613394,0.5873015873015873,0
T_original,AAPL,2018-07,60,0.5586080586080586,0.1264279082482028,0.261841572781581,0.26666666666666666,0
T_original,AAPL,2018-08,69,0.6143790849673203,0.22487239817113244,0.221287767222767,0.7246376811594203,0
T_original,AAPL,2018-09,57,0.5646551724137931,0.13907296967065538,0.24115027617064372,0.6842105263157895,0
T_original,AAPL,2018-10,69,0.44743589743589746,-0.1374941212500287,0.29989325694298935,0.8260869565217391,0
T_original,AAPL,2018-11,60,0.5077864293659622,0.0183994675796814,0.2574747577996014,0.7666666666666667,0
T_original,AAPL,2018-12,53,0.5859133126934984,0.17653507593641807,0.26006361864415334,0.6792452830188679,0
T_original,AAPL,2019-01,63,0.5031185031185031,0.0063230379732829725,0.2674915168434767,0.6190476190476191,0
T_original,AAPL,2019-02,2,,0.0,0.3963990011852696,1.0,1
T_original,AMZN,2018-03,62,0.40634920634920635,-0.19622565452573865,0.3560117715843265,0.6612903225806451,0
T_original,AMZN,2018-04,63,0.45714285714285713,-0.08528028654224418,0.4153050531149892,0.47619047619047616,0
T_original,AMZN,2018-05,65,0.6330409356725146,0.2676516895156554,0.24027352012171493,0.6,0
T_original,AMZN,2018-06,63,0.6076086956521739,0.20938142159739226,0.2726406167224704,0.5714285714285714,0
T_original,AMZN,2018-07,60,0.5833333333333334,0.1849316803638273,0.2393436070744901,0.7166666666666667,0
T_original,AMZN,2018-08,69,0.6133620689655173,0.2267241379310345,0.22914975264224471,0.5797101449275363,0
T_original,AMZN,2018-09,57,0.4562807881773399,-0.0874384236453202,0.27015444071488165,0.5087719298245614,0
T_original,AMZN,2018-10,69,0.5997023809523809,0.1893410972601538,0.27795002881216146,0.6231884057971014,0
T_original,AMZN,2018-11,60,0.45833333333333337,-0.08183170883849714,0.28214597321001295,0.5333333333333333,0
T_original,AMZN,2018-12,54,0.6135338345864662,0.21746888178537901,0.2345746541064654,0.5370370370370371,0
T_original,AMZN,2019-01,63,0.3968421052631579,-0.20313335003080327,0.28589445220019233,0.5555555555555556,0
T_original,AMZN,2019-02,2,0.5,0.0,0.2567056648500301,1.0,1
T_original_interaction,AAPL,2018-03,62,0.48541666666666666,-0.029288959306450306,0.26897774586065404,0.45161290322580644,0
T_original_interaction,AAPL,2018-04,63,0.4465725806451613,-0.11095736011809165,0.2625310946624798,0.6349206349206349,0
T_original_interaction,AAPL,2018-05,66,0.5680335507921714,0.1469464440717821,0.24434549085733775,0.696969696969697,0
T_original_interaction,AAPL,2018-06,63,0.4027777777777778,-0.19364916731037085,0.26748526779461895,0.5555555555555556,0
T_original_interaction,AAPL,2018-07,60,0.5659340659340659,0.12607465830311831,0.24899403427724895,0.4666666666666667,0
T_original_interaction,AAPL,2018-08,69,0.5473856209150327,0.08737476773251429,0.27345286391418566,0.34782608695652173,0
T_original_interaction,AAPL,2018-09,57,0.5806650246305419,0.16439549208355386,0.2371091518781442,0.5964912280701754,0
T_original_interaction,AAPL,2018-10,69,0.4025641025641026,-0.21292608957859982,0.27258958455661225,0.7101449275362319,0
T_original_interaction,AAPL,2018-11,60,0.5294771968854283,0.060594226182026485,0.2786766239481349,0.6166666666666667,0
T_original_interaction,AAPL,2018-12,53,0.5804953560371517,0.15465645825380456,0.23792311245499628,0.5283018867924528,0
T_original_interaction,AAPL,2019-01,63,0.41632016632016633,-0.1658155677094358,0.28452436037525825,0.5555555555555556,0
T_original_interaction,AAPL,2019-02,2,,0.0,0.2914678440578644,1.0,1
T_original_interaction,AMZN,2018-03,62,0.5920634920634921,0.18344879771901976,0.26967606419425766,0.45161290322580644,0
T_original_interaction,AMZN,2018-04,63,0.42857142857142855,-0.1419904585617662,0.27160419809550196,0.5079365079365079,0
T_original_interaction,AMZN,2018-05,65,0.5755360623781677,0.15302346008776552,0.24733485895909876,0.38461538461538464,0
T_original_interaction,AMZN,2018-06,63,0.6048913043478261,0.22006970263318495,0.2421962004196471,0.6984126984126984,0
T_original_interaction,AMZN,2018-07,60,0.6,0.2075143391598224,0.23386858543875544,0.6333333333333333,0
T_original_interaction,AMZN,2018-08,69,0.6603448275862069,0.3193162456272549,0.22709604077601553,0.5652173913043478,0
T_original_interaction,AMZN,2018-09,57,0.40332512315270935,-0.1933497536945813,0.27120221113922116,0.49122807017543857,0
T_original_interaction,AMZN,2018-10,69,0.5729166666666666,0.13536118192690832,0.2856664769238163,0.5652173913043478,0
T_original_interaction,AMZN,2018-11,60,0.5416666666666667,0.08206099398622183,0.27519614433190914,0.55,0
T_original_interaction,AMZN,2018-12,54,0.5203007518796992,0.038778336716474064,0.25265769252397885,0.5,0
T_original_interaction,AMZN,2019-01,63,0.36368421052631583,-0.2684262125407043,0.2870085068751039,0.5555555555555556,0
T_original_interaction,AMZN,2019-02,2,0.5,0.0,0.2567056648500301,1.0,1
F1_new_temperature,AAPL,2018-03,62,0.5145833333333334,0.029288959306450306,0.28068955092967074,0.5483870967741935,0
F1_new_temperature,AAPL,2018-04,63,0.544858870967742,0.11815066113959706,0.25000087982356106,0.8253968253968254,0
F1_new_temperature,AAPL,2018-05,66,0.5251630941286114,0.05016282899579266,0.25001718298240133,0.5454545454545454,0
F1_new_temperature,AAPL,2018-06,63,0.41666666666666663,-0.16666666666666666,0.2500296738163749,0.5714285714285714,0
F1_new_temperature,AAPL,2018-07,60,0.554945054945055,0.10482848367219183,0.24988426183865467,0.5,0
F1_new_temperature,AAPL,2018-08,69,0.46405228758169936,-0.07067418228235592,0.24982476647718105,0.7246376811594203,0
F1_new_temperature,AAPL,2018-09,57,0.6016009852216749,0.24917762935063273,0.248805509814964,0.7894736842105263,0
F1_new_temperature,AAPL,2018-10,69,0.5615384615384615,0.15171348989784333,0.24984617448877086,0.7971014492753623,0
F1_new_temperature,AAPL,2018-11,60,0.5066740823136818,0.01667593364912675,0.24953127544981407,0.8,0
F1_new_temperature,AAPL,2018-12,53,0.5565015479876161,0.12030098223477871,0.2501796773344591,0.7169811320754716,0
F1_new_temperature,AAPL,2019-01,63,0.48804573804573803,-0.029085974677101674,0.24989655627814508,0.7936507936507936,0
F1_new_temperature,AAPL,2019-02,2,,0.0,0.2638450615908298,1.0,1
F1_new_temperature,AMZN,2018-03,62,0.4534391534391534,-0.09649958192743278,0.3035756840863147,0.6451612903225806,0
F1_new_temperature,AMZN,2018-04,63,0.4107142857142857,-0.18613229922816868,0.25022547660671846,0.3492063492063492,0
F1_new_temperature,AMZN,2018-05,65,0.5969785575048733,0.21748750777439183,0.2499598723609979,0.26153846153846155,0
F1_new_temperature,AMZN,2018-06,63,0.5853260869565218,0.16688534570653044,0.24986299257329847,0.4126984126984127,0
F1_new_temperature,AMZN,2018-07,60,0.6333333333333333,0.27668578554642986,0.24973811708687696,0.6333333333333333,0
F1_new_temperature,AMZN,2018-08,69,0.5961206896551725,0.19324351318655425,0.2496132378764359,0.5942028985507246,0
F1_new_temperature,AMZN,2018-09,57,0.4716748768472906,-0.05817474046899912,0.24981225816157976,0.38596491228070173,0
F1_new_temperature,AMZN,2018-10,69,0.6800595238095238,0.3322771737175835,0.2467586693153897,0.463768115942029,0
F1_new_temperature,AMZN,2018-11,60,0.5,0.0,0.2483833939510908,0.5,0
F1_new_temperature,AMZN,2018-12,54,0.6323308270676692,0.2572263857652138,0.2426774204055302,0.4074074074074074,0
F1_new_temperature,AMZN,2019-01,63,0.4836842105263158,-0.03203033152014646,0.250420600433884,0.4603174603174603,0
F1_new_temperature,AMZN,2019-02,2,0.5,0.0,0.2500188589264477,1.0,1
F2_new_temperature,AAPL,2018-03,62,0.4239583333333333,-0.15884586105957427,0.3218236568213798,0.3548387096774194,0
F2_new_temperature,AAPL,2018-04,63,0.5418346774193548,0.08688170650756233,0.2497960425895682,0.6349206349206349,0
F2_new_temperature,AAPL,2018-05,66,0.5139794967381175,0.02884636720764711,0.24998105038195106,0.6363636363636364,0
F2_new_temperature,AAPL,2018-06,63,0.4027777777777778,-0.19364916731037085,0.250430604503922,0.5555555555555556,0
F2_new_temperature,AAPL,2018-07,60,0.49450549450549447,-0.010488677029536228,0.2501446083753161,0.5166666666666667,0
F2_new_temperature,AAPL,2018-08,69,0.630718954248366,0.23883257361061286,0.2494899896361097,0.6376811594202898,0
F2_new_temperature,AAPL,2018-09,57,0.5843596059113301,0.21373088995176615,0.24974333128478082,0.8070175438596491,0
F2_new_temperature,AAPL,2018-10,69,0.5269230769230769,0.0792593923901217,0.25000094587435373,0.8695652173913043,0
F2_new_temperature,AAPL,2018-11,60,0.5411568409343714,0.09725432863545883,0.24980551016644317,0.7666666666666667,0
F2_new_temperature,AAPL,2018-12,53,0.5797213622291022,0.1885384697800485,0.25015328127063563,0.7924528301886793,0
F2_new_temperature,AAPL,2019-01,63,0.5535343035343036,0.13025458224962924,0.2498762516789503,0.7936507936507936,0
F2_new_temperature,AAPL,2019-02,2,,0.0,0.2508439661412095,1.0,1
F2_new_temperature,AMZN,2018-03,62,0.41058201058201055,-0.19233564228738492,0.33924628529214956,0.6935483870967742,0
F2_new_temperature,AMZN,2018-04,63,0.46071428571428574,-0.07809475220897141,0.2509947940332419,0.5079365079365079,0
F2_new_temperature,AMZN,2018-05,65,0.4220272904483431,-0.15415288347095465,0.25032377393335115,0.5384615384615384,0
F2_new_temperature,AMZN,2018-06,63,0.4989130434782609,-0.002195496824144787,0.24989971677593711,0.6507936507936508,0
F2_new_temperature,AMZN,2018-07,60,0.5666666666666667,0.15075567228888181,0.24977038568570675,0.7333333333333333,0
F2_new_temperature,AMZN,2018-08,69,0.6258620689655172,0.25303634910526385,0.24968662593386978,0.5942028985507246,0
F2_new_temperature,AMZN,2018-09,57,0.4193349753694582,-0.16439549208355386,0.24996501541031851,0.40350877192982454,0
F2_new_temperature,AMZN,2018-10,69,0.5967261904761905,0.18033305940750557,0.2499357801738084,0.5797101449275363,0
F2_new_temperature,AMZN,2018-11,60,0.5763888888888888,0.15531518604934888,0.24962121244298144,0.6333333333333333,0
F2_new_temperature,AMZN,2018-12,54,0.6015037593984962,0.19389168358237033,0.24947245394893955,0.5,0
F2_new_temperature,AMZN,2019-01,63,0.53,0.05877538136452586,0.24982156868337116,0.47619047619047616,0
F2_new_temperature,AMZN,2019-02,2,0.5,0.0,0.2499931263641592,1.0,1
H0_temperature,AAPL,2018-03,62,0.4552083333333333,-0.09191056070762839,0.3322565634579003,0.3870967741935484,0
H0_temperature,AAPL,2018-04,63,0.43044354838709675,-0.14321395089868139,0.2502361151688156,0.6190476190476191,0
H0_temperature,AAPL,2018-05,66,0.5904007455731594,0.17955083174038333,0.24991325466824282,0.5151515151515151,0
H0_temperature,AAPL,2018-06,63,0.48611111111111116,-0.027777777777777776,0.25006966434875905,0.42857142857142855,0
H0_temperature,AAPL,2018-07,60,0.5494505494505495,0.0989010989010989,0.2500373669677757,0.35,0
H0_temperature,AAPL,2018-08,69,0.6503267973856209,0.28005601680560194,0.24957958955754617,0.6666666666666666,0
H0_temperature,AAPL,2018-09,57,0.687807881773399,0.41045671814845003,0.24961076254368575,0.7017543859649122,0
H0_temperature,AAPL,2018-10,69,0.4346153846153846,-0.17708760343698193,0.2500411390000172,0.8405797101449275,0
H0_temperature,AAPL,2018-11,60,0.5583982202447163,0.13478996693836334,0.2497891824924772,0.75,0
H0_temperature,AAPL,2018-12,53,0.5828173374613003,0.18016531997435586,0.24999503158778097,0.7358490566037735,0
H0_temperature,AAPL,2019-01,63,0.461018711018711,-0.09011715636382381,0.2499957155467922,0.7619047619047619,0
H0_temperature,AAPL,2019-02,2,,0.0,0.25103605022050834,1.0,1
H0_temperature,AMZN,2018-03,62,0.41058201058201055,-0.19233564228738492,0.36021626551022373,0.6935483870967742,0
H0_temperature,AMZN,2018-04,63,0.4107142857142857,-0.17748807320220775,0.2515040364636325,0.49206349206349204,0
H0_temperature,AMZN,2018-05,65,0.5467836257309941,0.10304154720105538,0.2500517377134977,0.27692307692307694,0
H0_temperature,AMZN,2018-06,63,0.6043478260869566,0.20118227630781807,0.2498666490666657,0.5238095238095238,0
H0_temperature,AMZN,2018-07,60,0.6666666666666667,0.35355339059327373,0.24970802786672497,0.6666666666666666,0
H0_temperature,AMZN,2018-08,69,0.6775862068965517,0.3524484266511361,0.2497130542484136,0.5507246376811594,0
H0_temperature,AMZN,2018-09,57,0.4211822660098522,-0.15763546798029557,0.2499710344310678,0.5087719298245614,0
H0_temperature,AMZN,2018-10,69,0.6041666666666666,0.19190257769659927,0.2497666316121196,0.5217391304347826,0
H0_temperature,AMZN,2018-11,60,0.5138888888888888,0.02723168561657922,0.2498851620281031,0.5166666666666667,0
H0_temperature,AMZN,2018-12,54,0.5894736842105264,0.17138276114211987,0.2494262358675938,0.46296296296296297,0
H0_temperature,AMZN,2019-01,63,0.4105263157894737,-0.17511819922894495,0.2499845322929847,0.49206349206349204,0
H0_temperature,AMZN,2019-02,2,0.5,0.0,0.2499931263630238,1.0,1
H1_temperature,AAPL,2018-03,62,0.5104166666666666,0.0222717701593687,0.33007086992644924,0.6774193548387096,0
H1_temperature,AAPL,2018-04,63,0.5252016129032258,0.05118310542552692,0.24907106618882022,0.5873015873015873,0
H1_temperature,AAPL,2018-05,66,0.5144454799627214,0.03278984261532774,0.25360271267667717,0.25757575757575757,0
H1_temperature,AAPL,2018-06,63,0.5740740740740741,0.14664711502135327,0.25020823947293735,0.49206349206349204,0
H1_temperature,AAPL,2018-07,60,0.5384615384615384,0.07546295692968115,0.25009373527101364,0.38333333333333336,0
H1_temperature,AAPL,2018-08,69,0.5849673202614378,0.16011904396842466,0.24959764611664106,0.6811594202898551,0
H1_temperature,AAPL,2018-09,57,0.6188423645320198,0.2831921951995806,0.24965950198925416,0.7719298245614035,0
H1_temperature,AAPL,2018-10,69,0.514102564102564,0.04367280615529453,0.2500181306426262,0.8840579710144928,0
H1_temperature,AAPL,2018-11,60,0.5239154616240267,0.05801870147824263,0.2497875282997106,0.7833333333333333,0
H1_temperature,AAPL,2018-12,53,0.5944272445820433,0.2164018754615814,0.2501093532920719,0.7735849056603774,0
H1_temperature,AAPL,2019-01,63,0.48232848232848236,-0.04583459166522033,0.24986928303286782,0.8253968253968254,0
H1_temperature,AAPL,2019-02,2,,0.0,0.25105353424558624,1.0,1
H1_temperature,AMZN,2018-03,62,0.382010582010582,-0.2622758125723706,0.35390478343507153,0.7258064516129032,0
H1_temperature,AMZN,2018-04,63,0.45357142857142857,-0.09372184261837677,0.25193562444710815,0.5873015873015873,0
H1_temperature,AMZN,2018-05,65,0.42543859649122806,-0.1705924156809514,0.25099662968463143,0.24615384615384617,0
H1_temperature,AMZN,2018-06,63,0.46467391304347827,-0.07135364678470558,0.24982589047288464,0.6507936507936508,0
H1_temperature,AMZN,2018-07,60,0.7666666666666667,0.5333333333333333,0.24965096036276074,0.5,0
H1_temperature,AMZN,2018-08,69,0.5913793103448276,0.18615982608054538,0.2498616415115094,0.6231884057971014,0
H1_temperature,AMZN,2018-09,57,0.4907635467980296,-0.0184956984007698,0.2499069894122773,0.47368421052631576,0
H1_temperature,AMZN,2018-10,69,0.6473214285714286,0.2846520432287211,0.24988011473393337,0.6521739130434783,0
H1_temperature,AMZN,2018-11,60,0.4930555555555556,-0.013994571159380999,0.25007848086701984,0.6166666666666667,0
H1_temperature,AMZN,2018-12,54,0.5466165413533834,0.08910768833625551,0.24984183920203837,0.5185185185185185,0
H1_temperature,AMZN,2019-01,63,0.4031578947368421,-0.1936842105263158,0.25012698922113724,0.6031746031746031,0
H1_temperature,AMZN,2019-02,2,0.5,0.0,0.25018206885902494,1.0,1
H2_temperature,AAPL,2018-03,62,0.5270833333333333,0.057196065046082586,0.32977779784174216,0.6612903225806451,0
H2_temperature,AAPL,2018-04,63,0.5090725806451613,0.01833088937766916,0.24914020644340024,0.5714285714285714,0
H2_temperature,AAPL,2018-05,66,0.4972041006523765,-0.006231527532127217,0.25247748094845474,0.2727272727272727,0
H2_temperature,AAPL,2018-06,63,0.49537037037037035,-0.009174698042719672,0.2501758775728925,0.47619047619047616,0
H2_temperature,AAPL,2018-07,60,0.5622710622710623,0.12326934324804635,0.25012108688217616,0.36666666666666664,0
H2_temperature,AAPL,2018-08,69,0.5669934640522876,0.12967932252551395,0.24957515222331375,0.7101449275362319,0
H2_temperature,AAPL,2018-09,57,0.583743842364532,0.19955512200592207,0.2496954774831064,0.7719298245614035,0
H2_temperature,AAPL,2018-10,69,0.49743589743589745,-0.007548513560963971,0.2500423961761058,0.8695652173913043,0
H2_temperature,AAPL,2018-11,60,0.5066740823136818,0.01667593364912675,0.24977989197774367,0.8,0
H2_temperature,AAPL,2018-12,53,0.5681114551083591,0.15183249942890767,0.2501404816726589,0.7547169811320755,0
H2_temperature,AAPL,2019-01,63,0.48804573804573803,-0.029085974677101674,0.24985641616915866,0.7936507936507936,0
H2_temperature,AAPL,2019-02,2,,0.0,0.2512625471818466,1.0,1
H2_temperature,AMZN,2018-03,62,0.4291005291005291,-0.15489104267951137,0.3566667029232363,0.7096774193548387,0
H2_temperature,AMZN,2018-04,63,0.39285714285714285,-0.2192645048267573,0.25224232777827216,0.6190476190476191,0
H2_temperature,AMZN,2018-05,65,0.449317738791423,-0.12487810821089253,0.2511522778694094,0.2,0
H2_temperature,AMZN,2018-06,63,0.5233695652173913,0.04501100457620699,0.2500474640746818,0.5079365079365079,0
H2_temperature,AMZN,2018-07,60,0.75,0.5002780094738025,0.24962472584216386,0.48333333333333334,0
H2_temperature,AMZN,2018-08,69,0.5913793103448276,0.18615982608054538,0.24985649654847164,0.6231884057971014,0
H2_temperature,AMZN,2018-09,57,0.5080049261083743,0.01606933174873139,0.2499069501469628,0.45614035087719296,0
H2_temperature,AMZN,2018-10,69,0.6071428571428572,0.19889806323953876,0.2498991998752247,0.5652173913043478,0
H2_temperature,AMZN,2018-11,60,0.4722222222222222,-0.0564782494724905,0.2500942908758759,0.6333333333333333,0
H2_temperature,AMZN,2018-12,54,0.5203007518796992,0.038778336716474064,0.2498425290856414,0.5,0
H2_temperature,AMZN,2019-01,63,0.42947368421052634,-0.14333395419658695,0.250122838438274,0.6349206349206349,0
H2_temperature,AMZN,2019-02,2,0.5,0.0,0.24993461069599493,1.0,1
P_cross_hgb_temperature,AAPL,2018-03,62,0.45,-0.10041928905068677,0.34494705032762085,0.5483870967741935,0
P_cross_hgb_temperature,AAPL,2018-04,63,0.5554435483870968,0.11088709677419355,0.24958478568245096,0.49206349206349204,0
P_cross_hgb_temperature,AAPL,2018-05,66,0.47343895619757687,-0.053624197893232216,0.25134663847663624,0.5909090909090909,0
P_cross_hgb_temperature,AAPL,2018-06,63,0.5833333333333334,0.16547920455440748,0.24982808698710318,0.5396825396825397,0
P_cross_hgb_temperature,AAPL,2018-07,60,0.652014652014652,0.2901867311505023,0.2497345332286325,0.48333333333333334,0
P_cross_hgb_temperature,AAPL,2018-08,69,0.5506535947712419,0.11061556586789222,0.2470591662334156,0.7971014492753623,0
P_cross_hgb_temperature,AAPL,2018-09,57,0.5307881773399015,0.07151444030922083,0.25141747753497556,0.7543859649122807,0
P_cross_hgb_temperature,AAPL,2018-10,69,0.5025641025641026,0.0063213954124101395,0.2534698875366192,0.7971014492753623,0
P_cross_hgb_temperature,AAPL,2018-11,60,0.4949944382647386,-0.010488677029536228,0.2508331186784761,0.65,0
P_cross_hgb_temperature,AAPL,2018-12,53,0.5975232198142415,0.20764279125454954,0.25133749133970806,0.7169811320754716,0
P_cross_hgb_temperature,AAPL,2019-01,63,0.44542619542619544,-0.1139901881468883,0.25362414642398207,0.6666666666666666,0
P_cross_hgb_temperature,AAPL,2019-02,2,,0.0,0.26309463449877657,1.0,1
P_cross_hgb_temperature,AMZN,2018-03,62,0.3592592592592593,-0.29855619650098675,0.3503237173343977,0.6774193548387096,0
P_cross_hgb_temperature,AMZN,2018-04,63,0.4857142857142857,-0.02883749003642362,0.2502015324728123,0.5873015873015873,0
P_cross_hgb_temperature,AMZN,2018-05,65,0.4848927875243665,-0.0332738329503408,0.24991087237062387,0.7230769230769231,0
P_cross_hgb_temperature,AMZN,2018-06,63,0.36195652173913045,-0.27882809666638797,0.25025402040369327,0.6507936507936508,0
P_cross_hgb_temperature,AMZN,2018-07,60,0.4666666666666667,-0.08333333333333333,0.25031847166300464,0.8,0
P_cross_hgb_temperature,AMZN,2018-08,69,0.4362068965517241,-0.1461526143282709,0.24999062877737033,0.7536231884057971,0
P_cross_hgb_temperature,AMZN,2018-09,57,0.44273399014778325,-0.1300273343211129,0.2501377097678637,0.7368421052631579,0
P_cross_hgb_temperature,AMZN,2018-10,69,0.5178571428571429,0.033465806118987015,0.25011236499685124,0.5942028985507246,0
P_cross_hgb_temperature,AMZN,2018-11,60,0.5625,0.12274756325774572,0.24977576631754447,0.5333333333333333,0
P_cross_hgb_temperature,AMZN,2018-12,54,0.5135338345864662,0.02742042485535409,0.2500493693188895,0.6666666666666666,0
P_cross_hgb_temperature,AMZN,2019-01,63,0.46894736842105267,-0.06527411366170119,0.2498604074796302,0.6825396825396826,0
P_cross_hgb_temperature,AMZN,2019-02,2,0.5,0.0,0.2500700823399947,1.0,1
P_cross_lr_temperature,AAPL,2018-03,62,0.4864583333333333,-0.02742835785851597,0.32759760181469494,0.41935483870967744,0
P_cross_lr_temperature,AAPL,2018-04,63,0.5564516129032258,0.11359236684941297,0.2497584303666766,0.5555555555555556,0
P_cross_lr_temperature,AAPL,2018-05,66,0.49068033550792167,-0.018717994731537357,0.25005213114198727,0.5757575757575758,0
P_cross_lr_temperature,AAPL,2018-06,63,0.4907407407407407,-0.01833088937766916,0.2501456327317418,0.5079365079365079,0
P_cross_lr_temperature,AAPL,2018-07,60,0.5915750915750916,0.17471413945365305,0.24983215553131843,0.5,0
P_cross_lr_temperature,AAPL,2018-08,69,0.6241830065359477,0.24836601307189543,0.24944505068738893,0.7391304347826086,0
P_cross_lr_temperature,AAPL,2018-09,57,0.4963054187192118,-0.009061004703659371,0.24670037951387064,0.7894736842105263,0
P_cross_lr_temperature,AAPL,2018-10,69,0.5115384615384615,0.0265487880754859,0.25067721493149997,0.7536231884057971,0
P_cross_lr_temperature,AAPL,2018-11,60,0.5456062291434928,0.09458687292928995,0.24783047422358315,0.6333333333333333,0
P_cross_lr_temperature,AAPL,2018-12,53,0.6068111455108359,0.20580608326643168,0.24701630133888391,0.5471698113207547,0
P_cross_lr_temperature,AAPL,2019-01,63,0.4802494802494802,-0.04467732272950039,0.24895333577063028,0.746031746031746,0
P_cross_lr_temperature,AAPL,2019-02,2,,0.0,0.2604363052369493,1.0,1
P_cross_lr_temperature,AMZN,2018-03,62,0.3735449735449735,-0.2649600645856019,0.32131528597462555,0.6612903225806451,0
P_cross_lr_temperature,AMZN,2018-04,63,0.42857142857142855,-0.14890583938253493,0.25006615368339313,0.6507936507936508,0
P_cross_lr_temperature,AMZN,2018-05,65,0.4853801169590643,-0.028903665650804,0.2501094556398181,0.5384615384615384,0
P_cross_lr_temperature,AMZN,2018-06,63,0.5239130434782608,0.04946631254546167,0.24982511898468115,0.6825396825396826,0
P_cross_lr_temperature,AMZN,2018-07,60,0.5666666666666667,0.15762208124782015,0.24980968696275715,0.7666666666666667,0
P_cross_lr_temperature,AMZN,2018-08,69,0.6211206896551724,0.24674958079543985,0.2496544287854415,0.6231884057971014,0
P_cross_lr_temperature,AMZN,2018-09,57,0.562807881773399,0.1271919326431982,0.24995439918724616,0.5789473684210527,0
P_cross_lr_temperature,AMZN,2018-10,69,0.5892857142857143,0.1709408646894569,0.24979274827561307,0.6376811594202898,0
P_cross_lr_temperature,AMZN,2018-11,60,0.5555555555555556,0.10984700727621793,0.25028862730480156,0.5666666666666667,0
P_cross_lr_temperature,AMZN,2018-12,54,0.544360902255639,0.08568334725853646,0.2486731229243763,0.5740740740740741,0
P_cross_lr_temperature,AMZN,2019-01,63,0.37631578947368427,-0.2538649774406041,0.2501545697427716,0.6507936507936508,0
P_cross_lr_temperature,AMZN,2019-02,2,0.5,0.0,0.2493741931822131,1.0,1
P_cross_tabpfn_temperature,AAPL,2018-03,62,0.43645833333333334,-0.1272823676500175,0.31149897381526676,0.46774193548387094,0
P_cross_tabpfn_temperature,AAPL,2018-04,63,0.5569556451612903,0.11567381826169085,0.24980789405788761,0.5873015873015873,0
P_cross_tabpfn_temperature,AAPL,2018-05,66,0.5521901211556384,0.1048207704966092,0.24997982698489332,0.5757575757575758,0
P_cross_tabpfn_temperature,AAPL,2018-06,63,0.44907407407407407,-0.10573013661495896,0.25003699274585883,0.3492063492063492,0
P_cross_tabpfn_temperature,AAPL,2018-07,60,0.5567765567765568,0.10886847654706353,0.2496631322311285,0.55,0
P_cross_tabpfn_temperature,AAPL,2018-08,69,0.5049019607843137,0.008610882996604705,0.24892873974096094,0.5072463768115942,0
P_cross_tabpfn_temperature,AAPL,2018-09,57,0.5511083743842364,0.18063978337461514,0.24910830172355058,0.9122807017543859,0
P_cross_tabpfn_temperature,AAPL,2018-10,69,0.514102564102564,0.04367280615529453,0.2501415189427743,0.8840579710144928,0
P_cross_tabpfn_temperature,AAPL,2018-11,60,0.4721913236929922,-0.07457704245544709,0.25117417568444,0.8333333333333334,0
P_cross_tabpfn_temperature,AAPL,2018-12,53,0.5944272445820433,0.2164018754615814,0.2511841762227806,0.7735849056603774,0
P_cross_tabpfn_temperature,AAPL,2019-01,63,0.4438669438669439,-0.1579494379477969,0.24954829834149514,0.8571428571428571,0
P_cross_tabpfn_temperature,AAPL,2019-02,2,,0.0,0.26552308910510436,1.0,1
P_cross_tabpfn_temperature,AMZN,2018-03,62,0.4703703703703703,-0.07027283689263066,0.29809357560927946,0.7741935483870968,0
P_cross_tabpfn_temperature,AMZN,2018-04,63,0.5178571428571428,0.03998081381295008,0.25008427211112416,0.7301587301587301,0
P_cross_tabpfn_temperature,AMZN,2018-05,65,0.5565302144249512,0.11306042884990253,0.25005322078474507,0.5846153846153846,0
P_cross_tabpfn_temperature,AMZN,2018-06,63,0.4896739130434783,-0.021360453144631173,0.249979493209493,0.6825396825396826,0
P_cross_tabpfn_temperature,AMZN,2018-07,60,0.5,0.0,0.2499758166151251,0.9333333333333333,0
P_cross_tabpfn_temperature,AMZN,2018-08,69,0.5064655172413793,0.018952451089472588,0.2498962626885106,0.8695652173913043,0
P_cross_tabpfn_temperature,AMZN,2018-09,57,0.5123152709359606,0.026915194632685248,0.24994932259680927,0.7017543859649122,0
P_cross_tabpfn_temperature,AMZN,2018-10,69,0.5372023809523809,0.07546020131504612,0.24999647454271196,0.7101449275362319,0
P_cross_tabpfn_temperature,AMZN,2018-11,60,0.5694444444444444,0.14433756729740643,0.24997895243449847,0.6666666666666666,0
P_cross_tabpfn_temperature,AMZN,2018-12,54,0.5706766917293233,0.1373822742155119,0.25000688863708537,0.5925925925925926,0
P_cross_tabpfn_temperature,AMZN,2019-01,63,0.4615789473684211,-0.09289757539446356,0.24994932139690354,0.7936507936507936,0
P_cross_tabpfn_temperature,AMZN,2019-02,2,0.5,0.0,0.24975243646418638,1.0,1
P_own_hgb_temperature,AAPL,2018-03,62,0.434375,-0.13145556003198527,0.3490761163126989,0.532258064516129,0
P_own_hgb_temperature,AAPL,2018-04,63,0.5070564516129032,0.014199045856176621,0.24964801783710544,0.4444444444444444,0
P_own_hgb_temperature,AAPL,2018-05,66,0.43662628145386767,-0.12587068616851615,0.25004084789318715,0.5151515151515151,0
P_own_hgb_temperature,AAPL,2018-06,63,0.5416666666666666,0.08429272304235245,0.24966666779055993,0.6031746031746031,0
P_own_hgb_temperature,AAPL,2018-07,60,0.6153846153846154,0.22026221762026077,0.24848405287118958,0.48333333333333334,0
P_own_hgb_temperature,AAPL,2018-08,69,0.6519607843137255,0.29875904328450453,0.24414354375395397,0.7246376811594203,0
P_own_hgb_temperature,AAPL,2018-09,57,0.583128078817734,0.18874935627258327,0.24862409405099792,0.7368421052631579,0
P_own_hgb_temperature,AAPL,2018-10,69,0.5448717948717949,0.10785837148823899,0.24792103223385412,0.782608695652174,0
P_own_hgb_temperature,AAPL,2018-11,60,0.4582869855394883,-0.09627854781311668,0.2504630166952288,0.75,0
P_own_hgb_temperature,AAPL,2018-12,53,0.5828173374613003,0.18016531997435586,0.2560320979746221,0.7358490566037735,0
P_own_hgb_temperature,AAPL,2019-01,63,0.3799376299376299,-0.25077841392315425,0.2586893229132448,0.6666666666666666,0
P_own_hgb_temperature,AAPL,2019-02,2,,0.0,0.29870472533072995,1.0,1
P_own_hgb_temperature,AMZN,2018-03,62,0.37777777777777777,-0.2628966471502125,0.362649170642843,0.6935483870967742,0
P_own_hgb_temperature,AMZN,2018-04,63,0.43214285714285716,-0.13530073182527272,0.2502228171299806,0.5396825396825397,0
P_own_hgb_temperature,AMZN,2018-05,65,0.5038986354775828,0.007693004760192652,0.24994943355175875,0.5230769230769231,0
P_own_hgb_temperature,AMZN,2018-06,63,0.4923913043478261,-0.014744195615489715,0.2497672975926664,0.5555555555555556,0
P_own_hgb_temperature,AMZN,2018-07,60,0.3833333333333333,-0.24459979523511427,0.250207659770522,0.65,0
P_own_hgb_temperature,AMZN,2018-08,69,0.4456896551724138,-0.11652289992484975,0.2500530943357814,0.6956521739130435,0
P_own_hgb_temperature,AMZN,2018-09,57,0.5301724137931034,0.0671376515502072,0.24992946981655298,0.7192982456140351,0
P_own_hgb_temperature,AMZN,2018-10,69,0.5550595238095238,0.1054135332251651,0.2500391158326544,0.6376811594202898,0
P_own_hgb_temperature,AMZN,2018-11,60,0.5069444444444444,0.014119562368122625,0.24986939867767327,0.6333333333333333,0
P_own_hgb_temperature,AMZN,2018-12,54,0.46090225563909776,-0.07732822912690228,0.25020422177068025,0.6296296296296297,0
P_own_hgb_temperature,AMZN,2019-01,63,0.5889473684210527,0.1767817244340697,0.24992398372659883,0.5873015873015873,0
P_own_hgb_temperature,AMZN,2019-02,2,0.0,-1.0,0.25029128948651924,0.5,0
P_own_lr_temperature,AAPL,2018-03,62,0.45416666666666666,-0.09283444198266944,0.30819176380962665,0.41935483870967744,0
P_own_lr_temperature,AAPL,2018-04,63,0.5246975806451613,0.049696660496618174,0.24958287230401383,0.5555555555555556,0
P_own_lr_temperature,AAPL,2018-05,66,0.5535880708294502,0.10717614165890028,0.24991121381627934,0.4393939393939394,0
P_own_lr_temperature,AAPL,2018-06,63,0.44907407407407407,-0.10112618056102679,0.25129131065800586,0.4603174603174603,0
P_own_lr_temperature,AAPL,2018-07,60,0.6172161172161172,0.22413272587221034,0.24945484800332388,0.5333333333333333,0
P_own_lr_temperature,AAPL,2018-08,69,0.5849673202614378,0.16011904396842466,0.24548018035596908,0.6811594202898551,0
P_own_lr_temperature,AAPL,2018-09,57,0.583128078817734,0.18874935627258327,0.24065237692033423,0.7368421052631579,0
P_own_lr_temperature,AAPL,2018-10,69,0.5076923076923077,0.017073311796734165,0.24817398723620374,0.7246376811594203,0
P_own_lr_temperature,AAPL,2018-11,60,0.5595105672969967,0.13199128086258038,0.2451671551363296,0.7166666666666667,0
P_own_lr_temperature,AAPL,2018-12,53,0.5510835913312693,0.0988560221951239,0.24819103588147526,0.5660377358490566,0
P_own_lr_temperature,AAPL,2019-01,63,0.4724532224532224,-0.059099688913016576,0.24966105123086446,0.6984126984126984,0
P_own_lr_temperature,AAPL,2019-02,2,,0.0,0.29100932018184356,1.0,1
P_own_lr_temperature,AMZN,2018-03,62,0.4291005291005291,-0.15489104267951137,0.3125800140143523,0.7096774193548387,0
P_own_lr_temperature,AMZN,2018-04,63,0.4714285714285714,-0.058038100008800934,0.2501372567725723,0.6031746031746031,0
P_own_lr_temperature,AMZN,2018-05,65,0.4722222222222222,-0.054812658916372645,0.2500569788607456,0.5230769230769231,0
P_own_lr_temperature,AMZN,2018-06,63,0.6048913043478261,0.22006970263318495,0.24978672846946653,0.6984126984126984,0
P_own_lr_temperature,AMZN,2018-07,60,0.6,0.2364331218717302,0.2497572131630101,0.7666666666666667,0
P_own_lr_temperature,AMZN,2018-08,69,0.6211206896551724,0.24674958079543985,0.24969937463137362,0.6231884057971014,0
P_own_lr_temperature,AMZN,2018-09,57,0.49384236453201974,-0.012900487596043946,0.24992198638633367,0.6491228070175439,0
P_own_lr_temperature,AMZN,2018-10,69,0.5654761904761905,0.1243434071559219,0.24942401340627665,0.6231884057971014,0
P_own_lr_temperature,AMZN,2018-11,60,0.513888888888889,0.027777777777777776,0.25019229937729814,0.6,0
P_own_lr_temperature,AMZN,2018-12,54,0.5586466165413534,0.1127242960381356,0.24749280964827647,0.5555555555555556,0
P_own_lr_temperature,AMZN,2019-01,63,0.4226315789473684,-0.16059101370939324,0.24999030497676875,0.6666666666666666,0
P_own_lr_temperature,AMZN,2019-02,2,0.5,0.0,0.24998119380025752,1.0,1
P_own_tabpfn_temperature,AAPL,2018-03,62,0.471875,-0.058191817512585564,0.2866455000352868,0.3709677419354839,0
P_own_tabpfn_temperature,AAPL,2018-04,63,0.5574596774193548,0.11830717682934551,0.24991816566203776,0.6190476190476191,0
P_own_tabpfn_temperature,AAPL,2018-05,66,0.570829450139795,0.14225675995968393,0.2499135925920286,0.42424242424242425,0
P_own_tabpfn_temperature,AAPL,2018-06,63,0.4675925925925926,-0.06804138174397717,0.25002509601199185,0.3333333333333333,0
P_own_tabpfn_temperature,AAPL,2018-07,60,0.5604395604395604,0.12087912087912088,0.24974475443495256,0.65,0
P_own_tabpfn_temperature,AAPL,2018-08,69,0.5964052287581699,0.1964833676897975,0.2437599917642769,0.7536231884057971,0
P_own_tabpfn_temperature,AAPL,2018-09,57,0.5671182266009852,0.17644101780442445,0.24708449741782912,0.8245614035087719,0
P_own_tabpfn_temperature,AAPL,2018-10,69,0.5435897435897437,0.13498867357091038,0.25122384790520064,0.8840579710144928,0
P_own_tabpfn_temperature,AAPL,2018-11,60,0.40545050055617354,-0.2535619443485201,0.25766196786105744,0.8333333333333334,0
P_own_tabpfn_temperature,AAPL,2018-12,53,0.5386996904024768,0.09152352901944102,0.2576174586775073,0.7924528301886793,0
P_own_tabpfn_temperature,AAPL,2019-01,63,0.4360706860706861,-0.16030307909602173,0.24945443488425947,0.8095238095238095,0
P_own_tabpfn_temperature,AAPL,2019-02,2,,0.0,0.31538076249692126,1.0,1
P_own_tabpfn_temperature,AMZN,2018-03,62,0.4433862433862434,-0.12177463742455731,0.3197828715976989,0.6935483870967742,0
P_own_tabpfn_temperature,AMZN,2018-04,63,0.4714285714285714,-0.09035079029052513,0.2500525995627281,0.8888888888888888,0
P_own_tabpfn_temperature,AMZN,2018-05,65,0.43762183235867447,-0.12739099802666998,0.25000015118855157,0.6307692307692307,0
P_own_tabpfn_temperature,AMZN,2018-06,63,0.5679347826086957,0.17231301638497498,0.24986725595771322,0.8253968253968254,0
P_own_tabpfn_temperature,AMZN,2018-07,60,0.5166666666666667,0.07647191129018727,0.24995436713993666,0.95,0
P_own_tabpfn_temperature,AMZN,2018-08,69,0.528448275862069,0.07409465668197894,0.24989613882308784,0.8260869565217391,0
P_own_tabpfn_temperature,AMZN,2018-09,57,0.6016009852216749,0.24917762935063273,0.2499993409089349,0.7894736842105263,0
P_own_tabpfn_temperature,AMZN,2018-10,69,0.5372023809523809,0.07546020131504612,0.2500096245501777,0.7101449275362319,0
P_own_tabpfn_temperature,AMZN,2018-11,60,0.4791666666666667,-0.041666666666666664,0.24998897327148734,0.6,0
P_own_tabpfn_temperature,AMZN,2018-12,54,0.5706766917293233,0.1373822742155119,0.24989417198234656,0.5925925925925926,0
P_own_tabpfn_temperature,AMZN,2019-01,63,0.4815789473684211,-0.043355498476206004,0.2499660537644412,0.7777777777777778,0
P_own_tabpfn_temperature,AMZN,2019-02,2,1.0,1.0,0.24987583789178142,0.5,0
T_A1_temperature,AAPL,2018-03,62,0.5625,0.12598815766974242,0.2629473348836228,0.5645161290322581,0
T_A1_temperature,AAPL,2018-04,63,0.4475806451612903,-0.11420217218651821,0.26278867688742186,0.6984126984126984,0
T_A1_temperature,AAPL,2018-05,66,0.4659832246039143,-0.07086386789708282,0.2511109107805164,0.6515151515151515,0
T_A1_temperature,AAPL,2018-06,63,0.4074074074074074,-0.18349396085439343,0.25149163763501414,0.5238095238095238,0
T_A1_temperature,AAPL,2018-07,60,0.5604395604395604,0.12394371660990718,0.25002077676286993,0.31666666666666665,0
T_A1_temperature,AAPL,2018-08,69,0.6062091503267973,0.22101174045548777,0.24945654383889512,0.7681159420289855,0
T_A1_temperature,AAPL,2018-09,57,0.6163793103448276,0.24122532033850386,0.24788643741057784,0.631578947368421,0
T_A1_temperature,AAPL,2018-10,69,0.44743589743589746,-0.1374941212500287,0.25126707177084795,0.8260869565217391,0
T_A1_temperature,AAPL,2018-11,60,0.5595105672969967,0.13199128086258038,0.24913172524885235,0.7166666666666667,0
T_A1_temperature,AAPL,2018-12,53,0.5890092879256965,0.17612037990116486,0.24914341469946036,0.6226415094339622,0
T_A1_temperature,AAPL,2019-01,63,0.4916839916839917,-0.017590704010141334,0.25029087750641826,0.6825396825396826,0
T_A1_temperature,AAPL,2019-02,2,,0.0,0.259748034565159,1.0,1
T_A1_temperature,AMZN,2018-03,62,0.4677248677248677,-0.0662548552106274,0.30218289479606303,0.6290322580645161,0
T_A1_temperature,AMZN,2018-04,63,0.3892857142857143,-0.22349054778228306,0.25130933441984343,0.5873015873015873,0
T_A1_temperature,AMZN,2018-05,65,0.5248538011695907,0.049707602339181284,0.2499268235186686,0.5846153846153846,0
T_A1_temperature,AMZN,2018-06,63,0.6608695652173913,0.332773375305833,0.24954566254595636,0.6825396825396826,0
T_A1_temperature,AMZN,2018-07,60,0.6000000000000001,0.2182178902359924,0.24981598098093807,0.7,0
T_A1_temperature,AMZN,2018-08,69,0.6258620689655172,0.25303634910526385,0.24973595758883116,0.5942028985507246,0
T_A1_temperature,AMZN,2018-09,57,0.4735221674876847,-0.05295566502463054,0.2500211395320224,0.49122807017543857,0
T_A1_temperature,AMZN,2018-10,69,0.5625,0.11652289992484975,0.24988780205902164,0.5797101449275363,0
T_A1_temperature,AMZN,2018-11,60,0.4791666666666667,-0.041666666666666664,0.24996343266416268,0.6,0
T_A1_temperature,AMZN,2018-12,54,0.6015037593984962,0.19389168358237033,0.24933994760513783,0.5,0
T_A1_temperature,AMZN,2019-01,63,0.3173684210526316,-0.35853306572551036,0.25011144405104285,0.5396825396825397,0
T_A1_temperature,AMZN,2019-02,2,0.5,0.0,0.24999312637510662,1.0,1
T_A1_interaction_temperature,AAPL,2018-03,62,0.4458333333333333,-0.11581320482871722,0.2709329391760279,0.6774193548387096,0
T_A1_interaction_temperature,AAPL,2018-04,63,0.4954637096774194,-0.010040241611281236,0.24999347680774367,0.7142857142857143,0
T_A1_interaction_temperature,AAPL,2018-05,66,0.4044734389561976,-0.19900127286167094,0.25026085150598104,0.6515151515151515,0
T_A1_interaction_temperature,AAPL,2018-06,63,0.39814814814814814,-0.20184335693983277,0.2501990882789383,0.47619047619047616,0
T_A1_interaction_temperature,AAPL,2018-07,60,0.3901098901098901,-0.22237479499833035,0.25031088098849286,0.3333333333333333,0
T_A1_interaction_temperature,AAPL,2018-08,69,0.5294117647058824,0.053302983402117865,0.24995907124146052,0.37681159420289856,0
T_A1_interaction_temperature,AAPL,2018-09,57,0.5258620689655172,0.05178795552215545,0.24959984825973872,0.47368421052631576,0
T_A1_interaction_temperature,AAPL,2018-10,69,0.5679487179487179,0.13902192304590422,0.24995802451267918,0.6231884057971014,0
T_A1_interaction_temperature,AAPL,2018-11,60,0.5489432703003337,0.09805027621652566,0.2498677354462008,0.5333333333333333,0
T_A1_interaction_temperature,AAPL,2018-12,53,0.6215170278637772,0.23347176871007033,0.24962578147023154,0.5283018867924528,0
T_A1_interaction_temperature,AAPL,2019-01,63,0.5124740124740125,0.024592694134653176,0.2500396761502698,0.47619047619047616,0
T_A1_interaction_temperature,AAPL,2019-02,2,,0.0,0.25079958559079196,1.0,1
T_A1_interaction_temperature,AMZN,2018-03,62,0.49047619047619045,-0.020203050891044214,0.2805666232157681,0.6774193548387096,0
T_A1_interaction_temperature,AMZN,2018-04,63,0.41785714285714287,-0.16428571428571428,0.2503137291210674,0.5555555555555556,0
T_A1_interaction_temperature,AMZN,2018-05,65,0.5355750487329435,0.07019866843675795,0.2499528536317018,0.5230769230769231,0
T_A1_interaction_temperature,AMZN,2018-06,63,0.5733695652173914,0.14276006018004017,0.24988339414764665,0.5714285714285714,0
T_A1_interaction_temperature,AMZN,2018-07,60,0.55,0.10141851056742199,0.24974617003944272,0.5833333333333334,0
T_A1_interaction_temperature,AMZN,2018-08,69,0.6258620689655172,0.25303634910526385,0.2496977620895909,0.5942028985507246,0
T_A1_interaction_temperature,AMZN,2018-09,57,0.41995073891625617,-0.16129479177027617,0.250675113559729,0.43859649122807015,0
T_A1_interaction_temperature,AMZN,2018-10,69,0.5848214285714286,0.15896257906518832,0.24681678518964117,0.4057971014492754,0
T_A1_interaction_temperature,AMZN,2018-11,60,0.4930555555555556,-0.013638618139749523,0.24978153054773827,0.5333333333333333,0
T_A1_interaction_temperature,AMZN,2018-12,54,0.6157894736842104,0.22133200006102177,0.24202974287467363,0.48148148148148145,0
T_A1_interaction_temperature,AMZN,2019-01,63,0.36368421052631583,-0.2684262125407043,0.25100011595729177,0.5555555555555556,0
T_A1_interaction_temperature,AMZN,2019-02,2,0.5,0.0,0.2500368077066953,1.0,1
T_mix_temperature,AAPL,2018-03,62,0.4979166666666667,-0.00419960525565808,0.3227610381984255,0.5645161290322581,0
T_mix_temperature,AAPL,2018-04,63,0.4949596774193548,-0.010826670965770146,0.25034539180481724,0.6825396825396826,0
T_mix_temperature,AAPL,2018-05,66,0.5041938490214353,0.008466978614720877,0.2501559228211492,0.5909090909090909,0
T_mix_temperature,AAPL,2018-06,63,0.45833333333333337,-0.08429272304235245,0.2500798380495557,0.3968253968253968,0
T_mix_temperature,AAPL,2018-07,60,0.5384615384615384,0.07546295692968115,0.2500240636935907,0.38333333333333336,0
T_mix_temperature,AAPL,2018-08,69,0.5375816993464052,0.07001400420140048,0.2493768202799309,0.6666666666666666,0
T_mix_temperature,AAPL,2018-09,57,0.5301724137931034,0.0671376515502072,0.2494563782701171,0.7192982456140351,0
T_mix_temperature,AAPL,2018-10,69,0.48589743589743595,-0.03389834532487511,0.2501742562559161,0.782608695652174,0
T_mix_temperature,AAPL,2018-11,60,0.5378197997775306,0.1111942683409761,0.24956970325052877,0.8666666666666667,0
T_mix_temperature,AAPL,2018-12,53,0.5239938080495355,0.058818129207085575,0.2502058923639264,0.8113207547169812,0
T_mix_temperature,AAPL,2019-01,63,0.4495841995841996,-0.1307633938684227,0.2500607452073185,0.8253968253968254,0
T_mix_temperature,AAPL,2019-02,2,,0.0,0.2516094665636053,1.0,1
T_mix_temperature,AMZN,2018-03,62,0.39629629629629626,-0.22655704750137484,0.3630120921433589,0.7096774193548387,0
T_mix_temperature,AMZN,2018-04,63,0.425,-0.1492405014489273,0.25125004248777577,0.47619047619047616,0
T_mix_temperature,AMZN,2018-05,65,0.40594541910331383,-0.19208173921208832,0.2509996029968848,0.6307692307692307,0
T_mix_temperature,AMZN,2018-06,63,0.5483695652173912,0.09344533719400813,0.24987676099547942,0.5396825396825397,0
T_mix_temperature,AMZN,2018-07,60,0.5666666666666667,0.15075567228888181,0.24967737951979926,0.7333333333333333,0
T_mix_temperature,AMZN,2018-08,69,0.655603448275862,0.31282918502397344,0.2497703774212722,0.5942028985507246,0
T_mix_temperature,AMZN,2018-09,57,0.4913793103448276,-0.017241379310344827,0.24964619788712766,0.5087719298245614,0
T_mix_temperature,AMZN,2018-10,69,0.5758928571428572,0.1431049438115632,0.24989596565216385,0.6086956521739131,0
T_mix_temperature,AMZN,2018-11,60,0.5208333333333334,0.041192627728581725,0.24970030418209235,0.5666666666666667,0
T_mix_temperature,AMZN,2018-12,54,0.5323308270676692,0.061928224614379454,0.249375072871435,0.5370370370370371,0
T_mix_temperature,AMZN,2019-01,63,0.503157894736842,0.006186882248897459,0.2497038676213768,0.5238095238095238,0
T_mix_temperature,AMZN,2019-02,2,0.5,0.0,0.24999312636250196,1.0,1
T_original_temperature,AAPL,2018-03,62,0.58125,0.1625,0.26514361126457675,0.4838709677419355,0
T_original_temperature,AAPL,2018-04,63,0.38356854838709675,-0.24695729028681548,0.2777541253279869,0.6666666666666666,0
T_original_temperature,AAPL,2018-05,66,0.49673811742777263,-0.006795165414788764,0.25023631511644717,0.6515151515151515,0
T_original_temperature,AAPL,2018-06,63,0.39814814814814814,-0.2047597175387335,0.2503908831787844,0.5873015873015873,0
T_original_temperature,AAPL,2018-07,60,0.5586080586080586,0.1264279082482028,0.25000662434788384,0.26666666666666666,0
T_original_temperature,AAPL,2018-08,69,0.6143790849673203,0.22487239817113244,0.2494953507992861,0.7246376811594203,0
T_original_temperature,AAPL,2018-09,57,0.5646551724137931,0.13907296967065538,0.249682711181533,0.6842105263157895,0
T_original_temperature,AAPL,2018-10,69,0.44743589743589746,-0.1374941212500287,0.2502883757985368,0.8260869565217391,0
T_original_temperature,AAPL,2018-11,60,0.5077864293659622,0.0183994675796814,0.24988321226173432,0.7666666666666667,0
T_original_temperature,AAPL,2018-12,53,0.5859133126934984,0.17653507593641807,0.24991678784799692,0.6792452830188679,0
T_original_temperature,AAPL,2019-01,63,0.5031185031185031,0.0063230379732829725,0.2500537311259537,0.6190476190476191,0
T_original_temperature,AAPL,2019-02,2,,0.0,0.251334228087604,1.0,1
T_original_temperature,AMZN,2018-03,62,0.40634920634920635,-0.19622565452573865,0.3560117715843265,0.6612903225806451,0
T_original_temperature,AMZN,2018-04,63,0.45714285714285713,-0.08528028654224418,0.2511925919392065,0.47619047619047616,0
T_original_temperature,AMZN,2018-05,65,0.6330409356725146,0.2676516895156554,0.249495356251317,0.6,0
T_original_temperature,AMZN,2018-06,63,0.6076086956521739,0.20938142159739226,0.2500400221975357,0.5714285714285714,0
T_original_temperature,AMZN,2018-07,60,0.5833333333333334,0.1849316803638273,0.249757089052058,0.7166666666666667,0
T_original_temperature,AMZN,2018-08,69,0.6133620689655173,0.2267241379310345,0.24970466455915025,0.5797101449275363,0
T_original_temperature,AMZN,2018-09,57,0.4562807881773399,-0.0874384236453202,0.2500178373418762,0.5087719298245614,0
T_original_temperature,AMZN,2018-10,69,0.5997023809523809,0.1893410972601538,0.24997716710822473,0.6231884057971014,0
T_original_temperature,AMZN,2018-11,60,0.45833333333333337,-0.08183170883849714,0.24996830429079936,0.5333333333333333,0
T_original_temperature,AMZN,2018-12,54,0.6135338345864662,0.21746888178537901,0.2492714042177889,0.5370370370370371,0
T_original_temperature,AMZN,2019-01,63,0.3968421052631579,-0.20313335003080327,0.2501057748766788,0.5555555555555556,0
T_original_temperature,AMZN,2019-02,2,0.5,0.0,0.24999312637413706,1.0,1
T_original_interaction_temperature,AAPL,2018-03,62,0.48541666666666666,-0.029288959306450306,0.26897774586065404,0.45161290322580644,0
T_original_interaction_temperature,AAPL,2018-04,63,0.4465725806451613,-0.11095736011809165,0.250045324813228,0.6349206349206349,0
T_original_interaction_temperature,AAPL,2018-05,66,0.5680335507921714,0.1469464440717821,0.24990340680672188,0.696969696969697,0
T_original_interaction_temperature,AAPL,2018-06,63,0.4027777777777778,-0.19364916731037085,0.2501072752815184,0.5555555555555556,0
T_original_interaction_temperature,AAPL,2018-07,60,0.5659340659340659,0.12607465830311831,0.24992215078196922,0.4666666666666667,0
T_original_interaction_temperature,AAPL,2018-08,69,0.5473856209150327,0.08737476773251429,0.25013578233704276,0.34782608695652173,0
T_original_interaction_temperature,AAPL,2018-09,57,0.5806650246305419,0.16439549208355386,0.2497372525429899,0.5964912280701754,0
T_original_interaction_temperature,AAPL,2018-10,69,0.4025641025641026,-0.21292608957859982,0.2500209830594337,0.7101449275362319,0
T_original_interaction_temperature,AAPL,2018-11,60,0.5294771968854283,0.060594226182026485,0.2501643002580673,0.6166666666666667,0
T_original_interaction_temperature,AAPL,2018-12,53,0.5804953560371517,0.15465645825380456,0.2497023254911884,0.5283018867924528,0
T_original_interaction_temperature,AAPL,2019-01,63,0.41632016632016633,-0.1658155677094358,0.2502201371309968,0.5555555555555556,0
T_original_interaction_temperature,AAPL,2019-02,2,,0.0,0.2503951753947208,1.0,1
T_original_interaction_temperature,AMZN,2018-03,62,0.5920634920634921,0.18344879771901976,0.26967606419425766,0.45161290322580644,0
T_original_interaction_temperature,AMZN,2018-04,63,0.42857142857142855,-0.1419904585617662,0.2500531818968331,0.5079365079365079,0
T_original_interaction_temperature,AMZN,2018-05,65,0.5755360623781677,0.15302346008776552,0.2499161921260312,0.38461538461538464,0
T_original_interaction_temperature,AMZN,2018-06,63,0.6048913043478261,0.22006970263318495,0.24984624125223248,0.6984126984126984,0
T_original_interaction_temperature,AMZN,2018-07,60,0.6,0.2075143391598224,0.24762835239825773,0.6333333333333333,0
T_original_interaction_temperature,AMZN,2018-08,69,0.6603448275862069,0.3193162456272549,0.24209436879968163,0.5652173913043478,0
T_original_interaction_temperature,AMZN,2018-09,57,0.40332512315270935,-0.1933497536945813,0.25687114749817314,0.49122807017543857,0
T_original_interaction_temperature,AMZN,2018-10,69,0.5729166666666666,0.13536118192690832,0.26137642367933767,0.5652173913043478,0
T_original_interaction_temperature,AMZN,2018-11,60,0.5416666666666667,0.08206099398622183,0.2583317810486737,0.55,0
T_original_interaction_temperature,AMZN,2018-12,54,0.5203007518796992,0.038778336716474064,0.24082696730487316,0.5,0
T_original_interaction_temperature,AMZN,2019-01,63,0.36368421052631583,-0.2684262125407043,0.2616377186711525,0.5555555555555556,0
T_original_interaction_temperature,AMZN,2019-02,2,0.5,0.0,0.2512811897271784,1.0,1
