file,year,source,records,title_available_fraction,body_available_fraction,summary_available_fraction,publisher_available_fraction,author_available_fraction,url_available_fraction,body_length_p25,body_length_median,body_length_p75
all,2003,Все,20,1.0,1.0,0.0,1.0,1.0,1.0,823.75,1127.0,1317.0
all,2008,www.reuters.com,20,1.0,0.0,0.0,0.0,0.0,1.0,0,0,0
all,2009,Aurie Maine,3,1.0,0.0,0.0,1.0,0.0,1.0,0,0,0
all,2009,Benzinga Staff,20,1.0,0.0,0.0,1.0,0.0,1.0,0,0,0
all,2009,Benzinga Staff 5,2,1.0,0.0,0.0,1.0,0.0,1.0,0,0,0
all,2009,Benzinga Staff15,4,1.0,0.0,0.0,1.0,0.0,1.0,0,0,0
all,2009,BenzingaStaff1,11,1.0,0.0,0.0,1.0,0.0,1.0,0,0,0
all,2009,BenzingaStaff3,9,1.0,0.0,0.0,1.0,0.0,1.0,0,0,0
all,2009,BullBearTrades,1,1.0,0.0,0.0,1.0,0.0,1.0,0,0,0
all,2009,CPL,1,1.0,0.0,0.0,1.0,0.0,1.0,0,0,0
all,2009,CarpeDiem,20,1.0,0.0,0.0,1.0,0.0,1.0,0,0,0
all,2009,Charles Lewis Sizemore CFA,2,1.0,0.0,0.0,1.0,0.0,1.0,0,0,0
all,2009,Craig Jones,11,1.0,0.0,0.0,1.0,0.0,1.0,0,0,0
all,2009,EmergingMarkets,3,1.0,0.0,0.0,1.0,0.0,1.0,0,0,0
all,2009,Eric Mancini,5,1.0,0.0,0.0,1.0,0.0,1.0,0,0,0
all,2009,Marco Anthony,1,1.0,0.0,0.0,1.0,0.0,1.0,0,0,0
all,2009,Mark Moneymaster,3,1.0,0.0,0.0,1.0,0.0,1.0,0,0,0
all,2009,Market Rewind,1,1.0,0.0,0.0,1.0,0.0,1.0,0,0,0
all,2009,Monica Gerson,4,1.0,0.0,0.0,1.0,0.0,1.0,0,0,0
all,2009,Options_Guru,1,1.0,0.0,0.0,1.0,0.0,1.0,0,0,0
all,2009,Ryan Mallory,2,1.0,0.0,0.0,1.0,0.0,1.0,0,0,0
all,2009,Sleibhin,3,1.0,0.0,0.0,1.0,0.0,1.0,0,0,0
all,2009,Swing Trader,1,1.0,0.0,0.0,1.0,0.0,1.0,0,0,0
all,2009,Ted Friedman,2,1.0,0.0,0.0,1.0,0.0,1.0,0,0,0
all,2009,Terry Allen,1,1.0,0.0,0.0,1.0,0.0,1.0,0,0,0
all,2009,William Spencer,1,1.0,0.0,0.0,1.0,0.0,1.0,0,0,0
all,2009,Zacks,4,1.0,0.0,0.0,1.0,0.0,1.0,0,0,0
all,2009,inthemoneystocks,2,1.0,0.0,0.0,1.0,0.0,1.0,0,0,0
all,2009,prudentinvestor,4,1.0,0.0,0.0,1.0,0.0,1.0,0,0,0
all,2009,superman,4,1.0,0.0,0.0,1.0,0.0,1.0,0,0,0
all,2009,tradermark,20,1.0,0.0,0.0,1.0,0.0,1.0,0,0,0
all,2009,webmaster,20,1.0,0.0,0.0,1.0,0.0,1.0,0,0,0
all,2009,www.bloomberg.com,3,1.0,1.0,0.0,0.0,1.0,1.0,5219.0,5922.0,5933.5
all,2009,www.reuters.com,20,1.0,0.0,0.0,0.0,0.0,1.0,0,0,0
all,2009,Все,20,1.0,1.0,0.0,1.0,1.0,1.0,1077.0,1501.5,1653.25
all,2010,Above Average Odds,1,1.0,0.0,0.0,1.0,0.0,1.0,0,0,0
all,2010,Alex Furno,3,1.0,0.0,0.0,1.0,0.0,1.0,0,0,0
all,2010,Angry Bear,1,1.0,0.0,0.0,1.0,0.0,1.0,0,0,0
all,2010,Benzinga Staff,20,1.0,0.0,0.0,1.0,0.0,1.0,0,0,0
all,2010,Benzinga Staff 5,20,1.0,0.0,0.0,1.0,0.0,1.0,0,0,0
all,2010,BenzingaStaff3,7,1.0,0.0,0.0,1.0,0.0,1.0,0,0,0
all,2010,BenzingaStaffJ,1,1.0,0.0,0.0,1.0,0.0,1.0,0,0,0
all,2010,BenzingaStaffL,7,1.0,0.0,0.0,1.0,0.0,1.0,0,0,0
all,2010,BlindReason,1,1.0,0.0,0.0,1.0,0.0,1.0,0,0,0
all,2010,Bud Fox,13,1.0,0.0,0.0,1.0,0.0,1.0,0,0,0
all,2010,CarpeDiem,1,1.0,0.0,0.0,1.0,0.0,1.0,0,0,0
all,2010,Cliff Wachtel,6,1.0,0.0,0.0,1.0,0.0,1.0,0,0,0
all,2010,Craig Jones,20,1.0,0.0,0.0,1.0,0.0,1.0,0,0,0
all,2010,Daniel Hayden IV,11,1.0,0.0,0.0,1.0,0.0,1.0,0,0,0
all,2010,David Bettencourt,1,1.0,0.0,0.0,1.0,0.0,1.0,0,0,0
all,2010,David Lipton,1,1.0,0.0,0.0,1.0,0.0,1.0,0,0,0
all,2010,ETF Professor,3,1.0,0.0,0.0,1.0,0.0,1.0,0,0,0
all,2010,FollowMyAlpha,3,1.0,0.0,0.0,1.0,0.0,1.0,0,0,0
all,2010,Franklin Price,1,1.0,0.0,0.0,1.0,0.0,1.0,0,0,0
all,2010,Fred Fuld,1,1.0,0.0,0.0,1.0,0.0,1.0,0,0,0
all,2010,Gordon Wilcox,3,1.0,0.0,0.0,1.0,0.0,1.0,0,0,0
all,2010,Ian Wyatt,1,1.0,0.0,0.0,1.0,0.0,1.0,0,0,0
all,2010,Joe Young,10,1.0,0.0,0.0,1.0,0.0,1.0,0,0,0
all,2010,John Bougearel,2,1.0,0.0,0.0,1.0,0.0,1.0,0,0,0
all,2010,John Nyaradi,5,1.0,0.0,0.0,1.0,0.0,1.0,0,0,0
all,2010,Jonathan Chen,1,1.0,0.0,0.0,1.0,0.0,1.0,0,0,0
all,2010,Kevin McElroy,1,1.0,0.0,0.0,1.0,0.0,1.0,0,0,0
all,2010,Lisa Levin,20,1.0,0.0,0.0,1.0,0.0,1.0,0,0,0
all,2010,Marc Courtenay,1,1.0,0.0,0.0,1.0,0.0,1.0,0,0,0
all,2010,Marco Anthony,1,1.0,0.0,0.0,1.0,0.0,1.0,0,0,0
all,2010,Mark Fidelman,1,1.0,0.0,0.0,1.0,0.0,1.0,0,0,0
all,2010,Mark Moneymaster,7,1.0,0.0,0.0,1.0,0.0,1.0,0,0,0
all,2010,Mark Riddix,3,1.0,0.0,0.0,1.0,0.0,1.0,0,0,0
all,2010,Michael J. Zerinskas,20,1.0,0.0,0.0,1.0,0.0,1.0,0,0,0
all,2010,Michael Snyder,1,1.0,0.0,0.0,1.0,0.0,1.0,0,0,0
all,2010,Monica Gerson,20,1.0,0.0,0.0,1.0,0.0,1.0,0,0,0
all,2010,Oakshire Financial,8,1.0,0.0,0.0,1.0,0.0,1.0,0,0,0
all,2010,Options House,13,1.0,0.0,0.0,1.0,0.0,1.0,0,0,0
all,2010,Roger Nachman,20,1.0,0.0,0.0,1.0,0.0,1.0,0,0,0
all,2010,Roger Nusbaum,2,1.0,0.0,0.0,1.0,0.0,1.0,0,0,0
all,2010,Ronald Weisenstein,2,1.0,0.0,0.0,1.0,0.0,1.0,0,0,0
all,2010,Ryan Mallory,14,1.0,0.0,0.0,1.0,0.0,1.0,0,0,0
all,2010,Scott Rubin,15,1.0,0.0,0.0,1.0,0.0,1.0,0,0,0
all,2010,Sleibhin,3,1.0,0.0,0.0,1.0,0.0,1.0,0,0,0
all,2010,SmallCapVoice,5,1.0,0.0,0.0,1.0,0.0,1.0,0,0,0
all,2010,Spock Picks,5,1.0,0.0,0.0,1.0,0.0,1.0,0,0,0
all,2010,Stephen Castellano,1,1.0,0.0,0.0,1.0,0.0,1.0,0,0,0
all,2010,Swing Trader,20,1.0,0.0,0.0,1.0,0.0,1.0,0,0,0
all,2010,TPC,1,1.0,0.0,0.0,1.0,0.0,1.0,0,0,0
all,2010,Taipan Daily,1,1.0,0.0,0.0,1.0,0.0,1.0,0,0,0
all,2010,TradeRadar,1,1.0,0.0,0.0,1.0,0.0,1.0,0,0,0
all,2010,UNKNOWN,1,1.0,1.0,0.0,0.0,1.0,0.0,0.0,0.0,0.0
all,2010,William K. Black,4,1.0,0.0,0.0,1.0,0.0,1.0,0,0,0
all,2010,Zacks,20,1.0,0.0,0.0,1.0,0.0,1.0,0,0,0
all,2010,brettstockblog,1,1.0,0.0,0.0,1.0,0.0,1.0,0,0,0
all,2010,chenry4287,2,1.0,0.0,0.0,1.0,0.0,1.0,0,0,0
all,2010,inthemoneystocks,13,1.0,0.0,0.0,1.0,0.0,1.0,0,0,0
all,2010,moneyshow,2,1.0,0.0,0.0,1.0,0.0,1.0,0,0,0
all,2010,optionsXpress,20,1.0,0.0,0.0,1.0,0.0,1.0,0,0,0
all,2010,strichie,1,1.0,0.0,0.0,1.0,0.0,1.0,0,0,0
all,2010,tradermark,3,1.0,0.0,0.0,1.0,0.0,1.0,0,0,0
all,2010,webmaster,20,1.0,0.0,0.0,1.0,0.0,1.0,0,0,0
all,2010,www.bloomberg.com,4,1.0,1.0,0.0,0.0,1.0,1.0,2336.0,3439.0,4333.75
all,2010,www.reuters.com,20,1.0,0.0,0.0,0.0,0.0,1.0,0,0,0
all,2011,Abe Raymond,7,1.0,0.0,0.0,1.0,0.0,1.0,0,0,0
all,2011,Above Average Odds,1,1.0,0.0,0.0,1.0,0.0,1.0,0,0,0
all,2011,Allie Wickman,20,1.0,0.0,0.0,1.0,0.0,1.0,0,0,0
all,2011,Angry Bear,1,1.0,0.0,0.0,1.0,0.0,1.0,0,0,0
all,2011,Anna Gerardi,1,1.0,0.0,0.0,1.0,0.0,1.0,0,0,0
all,2011,António Costa,1,1.0,0.0,0.0,1.0,0.0,1.0,0,0,0
all,2011,Benjamin Lee,16,1.0,0.0,0.0,1.0,0.0,1.0,0,0,0
all,2011,Benzinga Staff,20,1.0,0.0,0.0,1.0,0.0,1.0,0,0,0
all,2011,Benzinga Staff Writer,14,1.0,0.0,0.0,1.0,0.0,1.0,0,0,0
all,2011,BenzingaStaffB,9,1.0,0.0,0.0,1.0,0.0,1.0,0,0,0
all,2011,BenzingaStaffJ,10,1.0,0.0,0.0,1.0,0.0,1.0,0,0,0
all,2011,BenzingaStaffL,4,1.0,0.0,0.0,1.0,0.0,1.0,0,0,0
all,2011,BenzingaStaffT,3,1.0,0.0,0.0,1.0,0.0,1.0,0,0,0
all,2011,BookingAlpha,2,1.0,0.0,0.0,1.0,0.0,1.0,0,0,0
all,2011,Brett Callwood,1,1.0,0.0,0.0,1.0,0.0,1.0,0,0,0
all,2011,CEO World,18,1.0,0.0,0.0,1.0,0.0,1.0,0,0,0
all,2011,CarpeDiem,1,1.0,0.0,0.0,1.0,0.0,1.0,0,0,0
all,2011,Chris Versace,2,1.0,0.0,0.0,1.0,0.0,1.0,0,0,0
all,2011,Covestor,1,1.0,0.0,0.0,1.0,0.0,1.0,0,0,0
all,2011,Craig Jones,6,1.0,0.0,0.0,1.0,0.0,1.0,0,0,0
all,2011,Daniel Hayden IV,3,1.0,0.0,0.0,1.0,0.0,1.0,0,0,0
all,2011,Daniel Ho,4,1.0,0.0,0.0,1.0,0.0,1.0,0,0,0
all,2011,David Johnson,1,1.0,0.0,0.0,1.0,0.0,1.0,0,0,0
all,2011,Design Taxi,1,1.0,0.0,0.0,1.0,0.0,1.0,0,0,0
all,2011,ETF Professor,10,1.0,0.0,0.0,1.0,0.0,1.0,0,0,0
all,2011,EconMatters,1,1.0,0.0,0.0,1.0,0.0,1.0,0,0,0
all,2011,Eddie Staley,20,1.0,0.0,0.0,1.0,0.0,1.0,0,0,0
all,2011,Emily Austin,7,1.0,0.0,0.0,1.0,0.0,1.0,0,0,0
all,2011,Forex Mansion,1,1.0,0.0,0.0,1.0,0.0,1.0,0,0,0
all,2011,Franklin Price,4,1.0,0.0,0.0,1.0,0.0,1.0,0,0,0
all,2011,Fred Fuld,2,1.0,0.0,0.0,1.0,0.0,1.0,0,0,0
all,2011,Gary Cassady,7,1.0,0.0,0.0,1.0,0.0,1.0,0,0,0
all,2011,General,1,1.0,0.0,0.0,1.0,0.0,1.0,0,0,0
all,2011,Gordon Wilcox,1,1.0,0.0,0.0,1.0,0.0,1.0,0,0,0
all,2011,GuruFocus,12,1.0,0.0,0.0,1.0,0.0,1.0,0,0,0
all,2011,Hilary Farrell,4,1.0,0.0,0.0,1.0,0.0,1.0,0,0,0
all,2011,Invest With An Edge,1,1.0,0.0,0.0,1.0,0.0,1.0,0,0,0
all,2011,Investor Ideas,1,1.0,0.0,0.0,1.0,0.0,1.0,0,0,0
all,2011,Investor's Business Daily,3,1.0,0.0,0.0,1.0,0.0,1.0,0,0,0
all,2011,Joe Young,20,1.0,0.0,0.0,1.0,0.0,1.0,0,0,0
all,2011,John Harris,1,1.0,0.0,0.0,1.0,0.0,1.0,0,0,0
all,2011,John Thorpe,2,1.0,0.0,0.0,1.0,0.0,1.0,0,0,0
all,2011,Jonathan Chen,19,1.0,0.0,0.0,1.0,0.0,1.0,0,0,0
all,2011,Juan Lopez,1,1.0,0.0,0.0,1.0,0.0,1.0,0,0,0
all,2011,Kevin McElroy,6,1.0,0.0,0.0,1.0,0.0,1.0,0,0,0
all,2011,Lisa Levin,20,1.0,0.0,0.0,1.0,0.0,1.0,0,0,0
all,2011,Louis Bedigian,2,1.0,0.0,0.0,1.0,0.0,1.0,0,0,0
all,2011,Luci Morland,2,1.0,0.0,0.0,1.0,0.0,1.0,0,0,0
all,2011,Lydia Davidson,1,1.0,0.0,0.0,1.0,0.0,1.0,0,0,0
all,2011,Mark Riddix,1,1.0,0.0,0.0,1.0,0.0,1.0,0,0,0
all,2011,Matthew Kennedy,20,1.0,0.0,0.0,1.0,0.0,1.0,0,0,0
all,2011,Michael J. Zerinskas,20,1.0,0.0,0.0,1.0,0.0,1.0,0,0,0
all,2011,Mike Kulej,1,1.0,0.0,0.0,1.0,0.0,1.0,0,0,0
all,2011,Minyanville,2,1.0,0.0,0.0,1.0,0.0,1.0,0,0,0
all,2011,Monica Gerson,20,1.0,0.0,0.0,1.0,0.0,1.0,0,0,0
all,2011,Nelson Hem,18,1.0,0.0,0.0,1.0,0.0,1.0,0,0,0
all,2011,Nick Smith,1,1.0,0.0,0.0,1.0,0.0,1.0,0,0,0
all,2011,Options House,1,1.0,0.0,0.0,1.0,0.0,1.0,0,0,0
all,2011,Patrick Henderson,1,1.0,0.0,0.0,1.0,0.0,1.0,0,0,0
all,2011,Paul Quintaro,15,1.0,0.0,0.0,1.0,0.0,1.0,0,0,0
all,2011,Phil Marsh,11,1.0,0.0,0.0,1.0,0.0,1.0,0,0,0
all,2011,Roger Nachman,11,1.0,0.0,0.0,1.0,0.0,1.0,0,0,0
all,2011,Roger Nusbaum,2,1.0,0.0,0.0,1.0,0.0,1.0,0,0,0
all,2011,Ryan Mallory,2,1.0,0.0,0.0,1.0,0.0,1.0,0,0,0
all,2011,Scott Rubin,7,1.0,0.0,0.0,1.0,0.0,1.0,0,0,0
all,2011,SmallCapVoice,2,1.0,0.0,0.0,1.0,0.0,1.0,0,0,0
all,2011,Steven Anfield,8,1.0,0.0,0.0,1.0,0.0,1.0,0,0,0
all,2011,T3LIVE,1,1.0,0.0,0.0,1.0,0.0,1.0,0,0,0
all,2011,The Disciplined Investor,2,1.0,0.0,0.0,1.0,0.0,1.0,0,0,0
all,2011,Theo Kratz,10,1.0,0.0,0.0,1.0,0.0,1.0,0,0,0
all,2011,Triple Pundit,1,1.0,0.0,0.0,1.0,0.0,1.0,0,0,0
all,2011,Zacks,20,1.0,0.0,0.0,1.0,0.0,1.0,0,0,0
all,2011,inthemoneystocks,6,1.0,0.0,0.0,1.0,0.0,1.0,0,0,0
all,2011,moneyshow,2,1.0,0.0,0.0,1.0,0.0,1.0,0,0,0
all,2011,optionsXpress,20,1.0,0.0,0.0,1.0,0.0,1.0,0,0,0
all,2011,tradermark,1,1.0,0.0,0.0,1.0,0.0,1.0,0,0,0
all,2011,webmaster,20,1.0,0.0,0.0,1.0,0.0,1.0,0,0,0
all,2011,www.bloomberg.com,20,1.0,1.0,0.0,0.0,1.0,1.0,890.0,1805.0,2663.5
all,2011,www.reuters.com,20,1.0,0.0,0.0,0.0,0.0,1.0,0,0,0
all,2011,ycharts,1,1.0,0.0,0.0,1.0,0.0,1.0,0,0,0
all,2012,Allie Wickman,20,1.0,0.0,0.0,1.0,0.0,1.0,0,0,0
all,2012,António Costa,3,1.0,0.0,0.0,1.0,0.0,1.0,0,0,0
all,2012,Benjamin Lee,1,1.0,0.0,0.0,1.0,0.0,1.0,0,0,0
all,2012,Benzinga Staff Writer,2,1.0,0.0,0.0,1.0,0.0,1.0,0,0,0
all,2012,BookingAlpha,1,1.0,0.0,0.0,1.0,0.0,1.0,0,0,0
all,2012,Brandon Pilzner,4,1.0,0.0,0.0,1.0,0.0,1.0,0,0,0
all,2012,Brett Callwood,1,1.0,0.0,0.0,1.0,0.0,1.0,0,0,0
all,2012,BrianSozzi,1,1.0,0.0,0.0,1.0,0.0,1.0,0,0,0
all,2012,CapitalCube,1,1.0,0.0,0.0,1.0,0.0,1.0,0,0,0
all,2012,Charles Gross,20,1.0,0.0,0.0,1.0,0.0,1.0,0,0,0
all,2012,Covestor,3,1.0,0.0,0.0,1.0,0.0,1.0,0,0,0
all,2012,Craig Jones,1,1.0,0.0,0.0,1.0,0.0,1.0,0,0,0
all,2012,David Johnson,20,1.0,0.0,0.0,1.0,0.0,1.0,0,0,0
all,2012,David Trainer,1,1.0,0.0,0.0,1.0,0.0,1.0,0,0,0
all,2012,David Tumm,1,1.0,0.0,0.0,1.0,0.0,1.0,0,0,0
all,2012,Delores Land,5,1.0,0.0,0.0,1.0,0.0,1.0,0,0,0
all,2012,Dwight Einhorn,6,1.0,0.0,0.0,1.0,0.0,1.0,0,0,0
all,2012,ETF Professor,12,1.0,0.0,0.0,1.0,0.0,1.0,0,0,0
all,2012,Eddie Staley,20,1.0,0.0,0.0,1.0,0.0,1.0,0,0,0
all,2012,George Vieira,1,1.0,0.0,0.0,1.0,0.0,1.0,0,0,0
all,2012,Gordon Wilcox,6,1.0,0.0,0.0,1.0,0.0,1.0,0,0,0
all,2012,GuruFocus,20,1.0,0.0,0.0,1.0,0.0,1.0,0,0,0
all,2012,Hilary Farrell,2,1.0,0.0,0.0,1.0,0.0,1.0,0,0,0
all,2012,Investopedia,11,1.0,0.0,0.0,1.0,0.0,1.0,0,0,0
all,2012,Investor's Business Daily,20,1.0,0.0,0.0,1.0,0.0,1.0,0,0,0
all,2012,James Hunter,1,1.0,0.0,0.0,1.0,0.0,1.0,0,0,0
all,2012,Jay Wong,1,1.0,0.0,0.0,1.0,0.0,1.0,0,0,0
all,2012,Jeff Uscher,2,1.0,0.0,0.0,1.0,0.0,1.0,0,0,0
all,2012,Joe Young,2,1.0,0.0,0.0,1.0,0.0,1.0,0,0,0
all,2012,John Harris,3,1.0,0.0,0.0,1.0,0.0,1.0,0,0,0
all,2012,Juan Lopez,20,1.0,0.0,0.0,1.0,0.0,1.0,0,0,0
all,2012,Katey Stapleton,1,1.0,0.0,0.0,1.0,0.0,1.0,0,0,0
all,2012,Ken Shreve,2,1.0,0.0,0.0,1.0,0.0,1.0,0,0,0
all,2012,Larry Doyle,1,1.0,0.0,0.0,1.0,0.0,1.0,0,0,0
all,2012,Laura Brodbeck,1,1.0,0.0,0.0,1.0,0.0,1.0,0,0,0
all,2012,Lisa Levin,20,1.0,0.0,0.0,1.0,0.0,1.0,0,0,0
all,2012,Marcus Goncalves,1,1.0,0.0,0.0,1.0,0.0,1.0,0,0,0
all,2012,Mark Raymon,3,1.0,0.0,0.0,1.0,0.0,1.0,0,0,0
all,2012,Matthew Kanterman,7,1.0,0.0,0.0,1.0,0.0,1.0,0,0,0
all,2012,Matthew Kennedy,12,1.0,0.0,0.0,1.0,0.0,1.0,0,0,0
all,2012,Michael J. Zerinskas,3,1.0,0.0,0.0,1.0,0.0,1.0,0,0,0
all,2012,Michael Matthews,3,1.0,0.0,0.0,1.0,0.0,1.0,0,0,0
all,2012,Monica Gerson,20,1.0,0.0,0.0,1.0,0.0,1.0,0,0,0
all,2012,Neal Goyal,1,1.0,0.0,0.0,1.0,0.0,1.0,0,0,0
all,2012,Nelson Hem,20,1.0,0.0,0.0,1.0,0.0,1.0,0,0,0
all,2012,Paul Quintaro,20,1.0,0.0,0.0,1.0,0.0,1.0,0,0,0
all,2012,Sam Mattera,9,1.0,0.0,0.0,1.0,0.0,1.0,0,0,0
all,2012,Scott Rubin,6,1.0,0.0,0.0,1.0,0.0,1.0,0,0,0
all,2012,Small Cap Network,14,1.0,0.0,0.0,1.0,0.0,1.0,0,0,0
all,2012,Social Market Analytics,5,1.0,0.0,0.0,1.0,0.0,1.0,0,0,0
all,2012,TTT Hedge,2,1.0,0.0,0.0,1.0,0.0,1.0,0,0,0
all,2012,TheStreet.Com,20,1.0,0.0,0.0,1.0,0.0,1.0,0,0,0
all,2012,Traders Huddle,20,1.0,0.0,0.0,1.0,0.0,1.0,0,0,0
all,2012,Viktor Puskorius,2,1.0,0.0,0.0,1.0,0.0,1.0,0,0,0
all,2012,Zacks,20,1.0,0.0,0.0,1.0,0.0,1.0,0,0,0
all,2012,inthemoneystocks,3,1.0,0.0,0.0,1.0,0.0,1.0,0,0,0
all,2012,investingdaily,2,1.0,0.0,0.0,1.0,0.0,1.0,0,0,0
all,2012,moneyshow,5,1.0,0.0,0.0,1.0,0.0,1.0,0,0,0
all,2012,webmaster,20,1.0,0.0,0.0,1.0,0.0,1.0,0,0,0
all,2012,www.bloomberg.com,20,1.0,1.0,0.0,0.0,1.0,1.0,1294.0,2525.0,5338.0
all,2012,www.reuters.com,20,1.0,0.0,0.0,0.0,0.0,1.0,0,0,0
all,2012,ycharts,2,1.0,0.0,0.0,1.0,0.0,1.0,0,0,0
all,2013,Alex Biles,1,1.0,0.0,0.0,1.0,0.0,1.0,0,0,0
all,2013,António Costa,3,1.0,0.0,0.0,1.0,0.0,1.0,0,0,0
all,2013,Brantley Foster,1,1.0,0.0,0.0,1.0,0.0,1.0,0,0,0
all,2013,Bruce Kennedy,2,1.0,0.0,0.0,1.0,0.0,1.0,0,0,0
all,2013,CapitalCube,2,1.0,0.0,0.0,1.0,0.0,1.0,0,0,0
all,2013,Charles Gross,20,1.0,0.0,0.0,1.0,0.0,1.0,0,0,0
all,2013,Clay Wyatt,1,1.0,0.0,0.0,1.0,0.0,1.0,0,0,0
all,2013,Coцсети,6,1.0,1.0,0.0,1.0,1.0,1.0,1382.75,1806.0,2216.5
all,2013,David Johnson,5,1.0,0.0,0.0,1.0,0.0,1.0,0,0,0
all,2013,David Pinsen,2,1.0,0.0,0.0,1.0,0.0,1.0,0,0,0
all,2013,Dwight Einhorn,20,1.0,0.0,0.0,1.0,0.0,1.0,0,0,0
all,2013,ETF Professor,8,1.0,0.0,0.0,1.0,0.0,1.0,0,0,0
all,2013,Eddie Staley,2,1.0,0.0,0.0,1.0,0.0,1.0,0,0,0
all,2013,Erika Janowicz,2,1.0,0.0,0.0,1.0,0.0,1.0,0,0,0
all,2013,GuruFocus,20,1.0,0.0,0.0,1.0,0.0,1.0,0,0,0
all,2013,Hal Lindon,10,1.0,0.0,0.0,1.0,0.0,1.0,0,0,0
all,2013,Investopedia,3,1.0,0.0,0.0,1.0,0.0,1.0,0,0,0
all,2013,Investor's Business Daily,20,1.0,0.0,0.0,1.0,0.0,1.0,0,0,0
all,2013,InvestorsObserver,2,1.0,0.0,0.0,1.0,0.0,1.0,0,0,0
all,2013,Jake L'Ecuyer,20,1.0,0.0,0.0,1.0,0.0,1.0,0,0,0
all,2013,James Hunt,10,1.0,0.0,0.0,1.0,0.0,1.0,0,0,0
all,2013,Jayson Derrick,1,1.0,0.0,0.0,1.0,0.0,1.0,0,0,0
all,2013,Jim Probasco,1,1.0,0.0,0.0,1.0,0.0,1.0,0,0,0
all,2013,Joe Young,3,1.0,0.0,0.0,1.0,0.0,1.0,0,0,0
all,2013,Jonathan Yates,1,1.0,0.0,0.0,1.0,0.0,1.0,0,0,0
all,2013,Juan Lopez,20,1.0,0.0,0.0,1.0,0.0,1.0,0,0,0
all,2013,Laura Brodbeck,10,1.0,0.0,0.0,1.0,0.0,1.0,0,0,0
all,2013,Lisa Levin,12,1.0,0.0,0.0,1.0,0.0,1.0,0,0,0
all,2013,Louis Bedigian,1,1.0,0.0,0.0,1.0,0.0,1.0,0,0,0
all,2013,Luke Jacobi,1,1.0,0.0,0.0,1.0,0.0,1.0,0,0,0
all,2013,Matthew Kanterman,17,1.0,0.0,0.0,1.0,0.0,1.0,0,0,0
all,2013,Matthew McCall,1,1.0,0.0,0.0,1.0,0.0,1.0,0,0,0
all,2013,Minyanville,1,1.0,0.0,0.0,1.0,0.0,1.0,0,0,0
all,2013,Monica Gerson,20,1.0,0.0,0.0,1.0,0.0,1.0,0,0,0
all,2013,Nelson Hem,16,1.0,0.0,0.0,1.0,0.0,1.0,0,0,0
all,2013,Paul Quintaro,20,1.0,0.0,0.0,1.0,0.0,1.0,0,0,0
all,2013,PreMarketInfo,9,1.0,0.0,0.0,1.0,0.0,1.0,0,0,0
all,2013,Sam Mattera,1,1.0,0.0,0.0,1.0,0.0,1.0,0,0,0
all,2013,Sang Lucci,3,1.0,0.0,0.0,1.0,0.0,1.0,0,0,0
all,2013,Scott Rubin,11,1.0,0.0,0.0,1.0,0.0,1.0,0,0,0
all,2013,Small Cap Network,2,1.0,0.0,0.0,1.0,0.0,1.0,0,0,0
all,2013,TheStreet.Com,11,1.0,0.0,0.0,1.0,0.0,1.0,0,0,0
all,2013,Tim Parker,2,1.0,0.0,0.0,1.0,0.0,1.0,0,0,0
all,2013,Zack Armstrong,2,1.0,0.0,0.0,1.0,0.0,1.0,0,0,0
all,2013,Zacks,20,1.0,0.0,0.0,1.0,0.0,1.0,0,0,0
all,2013,bret.kenwell@benzinga.com,4,1.0,0.0,0.0,1.0,0.0,1.0,0,0,0
all,2013,investmentcontrarians,3,1.0,0.0,0.0,1.0,0.0,1.0,0,0,0
all,2013,lenta.ru,20,1.0,1.0,0.0,0.0,1.0,1.0,1031.25,1260.5,1510.75
all,2013,pconfidential,1,1.0,0.0,0.0,1.0,0.0,1.0,0,0,0
all,2013,riddock57,1,1.0,0.0,0.0,1.0,0.0,1.0,0,0,0
all,2013,webmaster,18,1.0,0.0,0.0,1.0,0.0,1.0,0,0,0
all,2013,www.bloomberg.com,20,1.0,1.0,0.0,0.0,1.0,1.0,2224.25,3371.5,4848.75
all,2013,www.reuters.com,20,1.0,0.0,0.0,0.0,0.0,1.0,0,0,0
all,2013,ycharts,3,1.0,0.0,0.0,1.0,0.0,1.0,0,0,0
all,2013,Белоруссия,4,1.0,1.0,0.0,1.0,1.0,1.0,1835.75,2192.0,2538.5
all,2013,Бизнес,20,1.0,1.0,0.0,1.0,1.0,1.0,1138.5,1272.5,1387.25
all,2013,Вещи,1,1.0,1.0,0.0,1.0,1.0,1.0,0.0,0.0,0.0
all,2013,Все,20,1.0,1.0,0.0,1.0,1.0,1.0,1203.25,1386.0,1548.25
all,2013,Гаджеты,6,1.0,1.0,0.0,1.0,1.0,1.0,1304.75,1373.0,1524.5
all,2013,Госэкономика,20,1.0,1.0,0.0,1.0,1.0,1.0,1391.0,1602.5,1904.25
all,2013,Деньги,3,1.0,1.0,0.0,1.0,1.0,1.0,1359.5,1413.0,1491.5
all,2013,Достижения,1,1.0,1.0,0.0,1.0,1.0,1.0,0.0,0.0,0.0
all,2013,Еда,1,1.0,1.0,0.0,1.0,1.0,1.0,0.0,0.0,0.0
all,2013,Закавказье,7,1.0,1.0,0.0,1.0,1.0,1.0,1413.5,1562.0,1992.5
all,2013,Звери,5,1.0,1.0,0.0,1.0,1.0,1.0,952.0,1181.0,1411.0
all,2013,Игры,20,1.0,1.0,0.0,1.0,1.0,1.0,1502.75,1627.0,1759.25
all,2013,Интернет,17,1.0,1.0,0.0,1.0,1.0,1.0,1626.0,1789.0,1949.0
all,2013,Искусство,8,1.0,1.0,0.0,1.0,1.0,1.0,1381.5,1559.5,1849.5
all,2013,Кино,20,1.0,1.0,0.0,1.0,1.0,1.0,1086.75,1268.5,1498.0
all,2013,Книги,2,1.0,1.0,0.0,1.0,1.0,1.0,1518.25,1709.5,1900.75
all,2013,Конфликты,10,1.0,1.0,0.0,1.0,1.0,1.0,1176.0,1507.5,1742.75
all,2013,Космос,7,1.0,1.0,0.0,1.0,1.0,1.0,1220.0,1629.0,1685.0
all,2013,Летние виды,3,1.0,1.0,0.0,1.0,1.0,1.0,1078.0,1083.0,1096.0
all,2013,Люди,6,1.0,1.0,0.0,1.0,1.0,1.0,1205.0,1398.0,1678.0
all,2013,Молдавия,2,1.0,1.0,0.0,1.0,1.0,1.0,1453.5,1765.0,2076.5
all,2013,Музыка,15,1.0,1.0,0.0,1.0,1.0,1.0,1098.5,1378.0,1411.0
all,2013,Наука,16,1.0,1.0,0.0,1.0,1.0,1.0,1520.5,2149.0,2823.25
all,2013,Общество,20,1.0,1.0,0.0,1.0,1.0,1.0,1194.5,1484.0,2041.5
all,2013,Политика,20,1.0,1.0,0.0,1.0,1.0,1.0,1397.75,1530.5,1667.75
all,2013,Пресса,9,1.0,1.0,0.0,1.0,1.0,1.0,1612.0,1823.0,2341.0
all,2013,Преступность,20,1.0,1.0,0.0,1.0,1.0,1.0,1309.75,1498.0,1855.25
all,2013,Прибалтика,6,1.0,1.0,0.0,1.0,1.0,1.0,1397.5,1675.0,1805.5
all,2013,Происшествия,20,1.0,1.0,0.0,1.0,1.0,1.0,834.5,937.5,1200.0
all,2013,Рынки,5,1.0,1.0,0.0,1.0,1.0,1.0,1119.0,1171.0,1258.0
all,2013,События,5,1.0,1.0,0.0,1.0,1.0,1.0,1014.0,1047.0,1406.0
all,2013,Софт,8,1.0,1.0,0.0,1.0,1.0,1.0,1237.5,1341.5,1542.0
all,2013,Средняя Азия,17,1.0,1.0,0.0,1.0,1.0,1.0,1337.0,1581.0,2023.0
all,2013,ТВ и радио,6,1.0,1.0,0.0,1.0,1.0,1.0,1340.5,1411.5,1796.0
all,2013,Театр,6,1.0,1.0,0.0,1.0,1.0,1.0,1280.0,1443.0,1600.75
all,2013,Техника,7,1.0,1.0,0.0,1.0,1.0,1.0,1939.5,2042.0,2343.0
all,2013,Украина,20,1.0,1.0,0.0,1.0,1.0,1.0,1250.5,1518.0,1684.25
all,2013,Футбол,20,1.0,1.0,0.0,1.0,1.0,1.0,931.75,1103.5,1389.5
all,2014,Accesswire,5,1.0,0.0,0.0,1.0,0.0,1.0,0,0,0
all,2014,Alex Furno,2,1.0,0.0,0.0,1.0,0.0,1.0,0,0,0
all,2014,Ali Berri,1,1.0,0.0,0.0,1.0,0.0,1.0,0,0,0
all,2014,Benzinga News Desk,1,1.0,0.0,0.0,1.0,0.0,1.0,0,0,0
all,2014,Bill Stoller,1,1.0,0.0,0.0,1.0,0.0,1.0,0,0,0
all,2014,Bruce Kennedy,1,1.0,0.0,0.0,1.0,0.0,1.0,0,0,0
all,2014,Charles Enser,2,1.0,0.0,0.0,1.0,0.0,1.0,0,0,0
all,2014,Charles Gross,20,1.0,0.0,0.0,1.0,0.0,1.0,0,0,0
all,2014,Craig Adeyanju,1,1.0,0.0,0.0,1.0,0.0,1.0,0,0,0
all,2014,Craig Jones,1,1.0,0.0,0.0,1.0,0.0,1.0,0,0,0
all,2014,David Fabian,3,1.0,0.0,0.0,1.0,0.0,1.0,0,0,0
all,2014,David Johnson,5,1.0,0.0,0.0,1.0,0.0,1.0,0,0,0
all,2014,Dwight Einhorn,20,1.0,0.0,0.0,1.0,0.0,1.0,0,0,0
all,2014,Eddie Staley,20,1.0,0.0,0.0,1.0,0.0,1.0,0,0,0
all,2014,Eric Niederer,7,1.0,0.0,0.0,1.0,0.0,1.0,0,0,0
all,2014,Erika Janowicz,4,1.0,0.0,0.0,1.0,0.0,1.0,0,0,0
all,2014,Fox Business,5,1.0,0.0,0.0,1.0,0.0,1.0,0,0,0
all,2014,Garrett Cook,13,1.0,0.0,0.0,1.0,0.0,1.0,0,0,0
all,2014,GuruFocus,20,1.0,0.0,0.0,1.0,0.0,1.0,0,0,0
all,2014,Hal Lindon,20,1.0,0.0,0.0,1.0,0.0,1.0,0,0,0
all,2014,Investor's Business Daily,20,1.0,0.0,0.0,1.0,0.0,1.0,0,0,0
all,2014,Jake L'Ecuyer,14,1.0,0.0,0.0,1.0,0.0,1.0,0,0,0
all,2014,Jake Mann,1,1.0,0.0,0.0,1.0,0.0,1.0,0,0,0
all,2014,James Hunt,1,1.0,0.0,0.0,1.0,0.0,1.0,0,0,0
all,2014,Jason Papallo,1,1.0,0.0,0.0,1.0,0.0,1.0,0,0,0
all,2014,Jason Shubnell,1,1.0,0.0,0.0,1.0,0.0,1.0,0,0,0
all,2014,Jayson Derrick,20,1.0,0.0,0.0,1.0,0.0,1.0,0,0,0
all,2014,Jim Probasco,2,1.0,0.0,0.0,1.0,0.0,1.0,0,0,0
all,2014,Joel Elconin,2,1.0,0.0,0.0,1.0,0.0,1.0,0,0,0
all,2014,John Seward,6,1.0,0.0,0.0,1.0,0.0,1.0,0,0,0
all,2014,Jonathan Yates,1,1.0,0.0,0.0,1.0,0.0,1.0,0,0,0
all,2014,Juan Lopez,15,1.0,0.0,0.0,1.0,0.0,1.0,0,0,0
all,2014,Kevin Riley,5,1.0,0.0,0.0,1.0,0.0,1.0,0,0,0
all,2014,Kurt Zuschlag,1,1.0,0.0,0.0,1.0,0.0,1.0,0,0,0
all,2014,Laura Brodbeck,20,1.0,0.0,0.0,1.0,0.0,1.0,0,0,0
all,2014,Lisa Levin,20,1.0,0.0,0.0,1.0,0.0,1.0,0,0,0
all,2014,Louis Bedigian,3,1.0,0.0,0.0,1.0,0.0,1.0,0,0,0
all,2014,Luke Jacobi,4,1.0,0.0,0.0,1.0,0.0,1.0,0,0,0
all,2014,Matthew McCall,2,1.0,0.0,0.0,1.0,0.0,1.0,0,0,0
all,2014,Mike Butler,1,1.0,0.0,0.0,1.0,0.0,1.0,0,0,0
all,2014,Monica Gerson,20,1.0,0.0,0.0,1.0,0.0,1.0,0,0,0
all,2014,MrTopStep,1,1.0,0.0,0.0,1.0,0.0,1.0,0,0,0
all,2014,Nelson Hem,9,1.0,0.0,0.0,1.0,0.0,1.0,0,0,0
all,2014,Nick Lazich,2,1.0,0.0,0.0,1.0,0.0,1.0,0,0,0
all,2014,Paul Quintaro,20,1.0,0.0,0.0,1.0,0.0,1.0,0,0,0
all,2014,PreMarketInfo,1,1.0,0.0,0.0,1.0,0.0,1.0,0,0,0
all,2014,Ritesh Anan,1,1.0,0.0,0.0,1.0,0.0,1.0,0,0,0
all,2014,Seeking Alpha,13,1.0,0.0,0.0,1.0,0.0,1.0,0,0,0
all,2014,Shazir Mucklai,4,1.0,0.0,0.0,1.0,0.0,1.0,0,0,0
all,2014,Small Cap Network,1,1.0,0.0,0.0,1.0,0.0,1.0,0,0,0
all,2014,SmallCapPower,1,1.0,0.0,0.0,1.0,0.0,1.0,0,0,0
all,2014,Tim Melvin,2,1.0,0.0,0.0,1.0,0.0,1.0,0,0,0
all,2014,Tim Parker,2,1.0,0.0,0.0,1.0,0.0,1.0,0,0,0
all,2014,Wayne Duggan,2,1.0,0.0,0.0,1.0,0.0,1.0,0,0,0
all,2014,Zacks,20,1.0,0.0,0.0,1.0,0.0,1.0,0,0,0
all,2014,webmaster,5,1.0,0.0,0.0,1.0,0.0,1.0,0,0,0
all,2014,ycharts,1,1.0,0.0,0.0,1.0,0.0,1.0,0,0,0
all,2015,Accesswire,5,1.0,0.0,0.0,1.0,0.0,1.0,0,0,0
all,2015,Adam Sarhan,1,1.0,0.0,0.0,1.0,0.0,1.0,0,0,0
all,2015,Alex Furno,2,1.0,0.0,0.0,1.0,0.0,1.0,0,0,0
all,2015,Anthony Sanfilippo,1,1.0,0.0,0.0,1.0,0.0,1.0,0,0,0
all,2015,Bill Stoller,1,1.0,0.0,0.0,1.0,0.0,1.0,0,0,0
all,2015,Charles Enser,1,1.0,0.0,0.0,1.0,0.0,1.0,0,0,0
all,2015,Charles Gross,20,1.0,0.0,0.0,1.0,0.0,1.0,0,0,0
all,2015,Craig Jones,12,1.0,0.0,0.0,1.0,0.0,1.0,0,0,0
all,2015,David Fabian,1,1.0,0.0,0.0,1.0,0.0,1.0,0,0,0
all,2015,Dwight Einhorn,3,1.0,0.0,0.0,1.0,0.0,1.0,0,0,0
all,2015,ETF Professor,1,1.0,0.0,0.0,1.0,0.0,1.0,0,0,0
all,2015,Early Global News,1,1.0,0.0,0.0,1.0,0.0,1.0,0,0,0
all,2015,Eddie Staley,20,1.0,0.0,0.0,1.0,0.0,1.0,0,0,0
all,2015,Fox Business,5,1.0,0.0,0.0,1.0,0.0,1.0,0,0,0
all,2015,Fred Fuld,1,1.0,0.0,0.0,1.0,0.0,1.0,0,0,0
all,2015,Garrett Cook,5,1.0,0.0,0.0,1.0,0.0,1.0,0,0,0
all,2015,GuruFocus,20,1.0,0.0,0.0,1.0,0.0,1.0,0,0,0
all,2015,Hal Lindon,20,1.0,0.0,0.0,1.0,0.0,1.0,0,0,0
all,2015,Investor's Business Daily,20,1.0,0.0,0.0,1.0,0.0,1.0,0,0,0
all,2015,J.D. Singh,1,1.0,0.0,0.0,1.0,0.0,1.0,0,0,0
all,2015,Jake Mann,4,1.0,0.0,0.0,1.0,0.0,1.0,0,0,0
all,2015,Javier Hasse,15,1.0,0.0,0.0,1.0,0.0,1.0,0,0,0
all,2015,Jayson Derrick,13,1.0,0.0,0.0,1.0,0.0,1.0,0,0,0
all,2015,Jim Swanson,7,1.0,0.0,0.0,1.0,0.0,1.0,0,0,0
all,2015,Joel Elconin,7,1.0,0.0,0.0,1.0,0.0,1.0,0,0,0
all,2015,John Seward,11,1.0,0.0,0.0,1.0,0.0,1.0,0,0,0
all,2015,Jon Kashat,4,1.0,0.0,0.0,1.0,0.0,1.0,0,0,0
all,2015,Kenny Polcari,1,1.0,0.0,0.0,1.0,0.0,1.0,0,0,0
all,2015,Kevin Riley,12,1.0,0.0,0.0,1.0,0.0,1.0,0,0,0
all,2015,Kyle Dennis,1,1.0,0.0,0.0,1.0,0.0,1.0,0,0,0
all,2015,Laura Brodbeck,2,1.0,0.0,0.0,1.0,0.0,1.0,0,0,0
all,2015,Leigh Drogen,1,1.0,0.0,0.0,1.0,0.0,1.0,0,0,0
all,2015,Lisa Levin,20,1.0,0.0,0.0,1.0,0.0,1.0,0,0,0
all,2015,Mark Meadows,2,1.0,0.0,0.0,1.0,0.0,1.0,0,0,0
all,2015,Marketfy Insights,12,1.0,0.0,0.0,1.0,0.0,1.0,0,0,0
all,2015,Mike Butler,2,1.0,0.0,0.0,1.0,0.0,1.0,0,0,0
all,2015,Monica Gerson,20,1.0,0.0,0.0,1.0,0.0,1.0,0,0,0
all,2015,Nelson Hem,7,1.0,0.0,0.0,1.0,0.0,1.0,0,0,0
all,2015,Nicholas Donato,1,1.0,0.0,0.0,1.0,0.0,1.0,0,0,0
all,2015,Nicole Sherrod,1,1.0,0.0,0.0,1.0,0.0,1.0,0,0,0
all,2015,Patrick Williams,1,1.0,0.0,0.0,1.0,0.0,1.0,0,0,0
all,2015,Paul Quintaro,20,1.0,0.0,0.0,1.0,0.0,1.0,0,0,0
all,2015,Prudena,2,1.0,0.0,0.0,1.0,0.0,1.0,0,0,0
all,2015,Rahul Kaundal,1,1.0,0.0,0.0,1.0,0.0,1.0,0,0,0
all,2015,Richard Smith,1,1.0,0.0,0.0,1.0,0.0,1.0,0,0,0
all,2015,Ritesh Anan,5,1.0,0.0,0.0,1.0,0.0,1.0,0,0,0
all,2015,Seeking Alpha,20,1.0,0.0,0.0,1.0,0.0,1.0,0,0,0
all,2015,Small Cap Network,6,1.0,0.0,0.0,1.0,0.0,1.0,0,0,0
all,2015,SmallCapPower,1,1.0,0.0,0.0,1.0,0.0,1.0,0,0,0
all,2015,TD Ameritrade,2,1.0,0.0,0.0,1.0,0.0,1.0,0,0,0
all,2015,The Ticker Tape,9,1.0,0.0,0.0,1.0,0.0,1.0,0,0,0
all,2015,Vetr,20,1.0,0.0,0.0,1.0,0.0,1.0,0,0,0
all,2015,Wayne Duggan,14,1.0,0.0,0.0,1.0,0.0,1.0,0,0,0
all,2015,Zacks,20,1.0,0.0,0.0,1.0,0.0,1.0,0,0,0
all,2015,Zoheb Sait,1,1.0,0.0,0.0,1.0,0.0,1.0,0,0,0
all,2015,www.reuters.com,20,1.0,0.0,0.0,0.0,0.0,1.0,0,0,0
all,2016,Activist Stocks,1,1.0,0.0,0.0,1.0,0.0,1.0,0,0,0
all,2016,Amy Weingarden,1,1.0,0.0,0.0,1.0,0.0,1.0,0,0,0
all,2016,Andrew Efimoff,3,1.0,0.0,0.0,1.0,0.0,1.0,0,0,0
all,2016,Andrew Zatlin,1,1.0,0.0,0.0,1.0,0.0,1.0,0,0,0
all,2016,Anthony Sanfilippo,1,1.0,0.0,0.0,1.0,0.0,1.0,0,0,0
all,2016,BayStreet,8,1.0,0.0,0.0,1.0,0.0,1.0,0,0,0
all,2016,Benzinga News Desk,12,1.0,0.0,0.0,1.0,0.0,1.0,0,0,0
all,2016,Brett Hershman,1,1.0,0.0,0.0,1.0,0.0,1.0,0,0,0
all,2016,Bryan Finnigan,1,1.0,0.0,0.0,1.0,0.0,1.0,0,0,0
all,2016,Charles Gross,20,1.0,0.0,0.0,1.0,0.0,1.0,0,0,0
all,2016,Craig Jones,3,1.0,0.0,0.0,1.0,0.0,1.0,0,0,0
all,2016,Davit Kirakosyan,1,1.0,0.0,0.0,1.0,0.0,1.0,0,0,0
all,2016,Dhiraj Surapaneni,1,1.0,0.0,0.0,1.0,0.0,1.0,0,0,0
all,2016,Eddie Staley,20,1.0,0.0,0.0,1.0,0.0,1.0,0,0,0
all,2016,GuruFocus,20,1.0,0.0,0.0,1.0,0.0,1.0,0,0,0
all,2016,Hal Lindon,20,1.0,0.0,0.0,1.0,0.0,1.0,0,0,0
all,2016,Investor's Business Daily,20,1.0,0.0,0.0,1.0,0.0,1.0,0,0,0
all,2016,Jake Mann,2,1.0,0.0,0.0,1.0,0.0,1.0,0,0,0
all,2016,Jason Shubnell,1,1.0,0.0,0.0,1.0,0.0,1.0,0,0,0
all,2016,Javier Hasse,8,1.0,0.0,0.0,1.0,0.0,1.0,0,0,0
all,2016,Jayson Derrick,13,1.0,0.0,0.0,1.0,0.0,1.0,0,0,0
all,2016,Jim Swanson,11,1.0,0.0,0.0,1.0,0.0,1.0,0,0,0
all,2016,Joel Elconin,11,1.0,0.0,0.0,1.0,0.0,1.0,0,0,0
all,2016,Lisa Levin,20,1.0,0.0,0.0,1.0,0.0,1.0,0,0,0
all,2016,Manikandan Raman,19,1.0,0.0,0.0,1.0,0.0,1.0,0,0,0
all,2016,Marketfy Insights,3,1.0,0.0,0.0,1.0,0.0,1.0,0,0,0
all,2016,Monica Gerson,20,1.0,0.0,0.0,1.0,0.0,1.0,0,0,0
all,2016,Nelson Hem,4,1.0,0.0,0.0,1.0,0.0,1.0,0,0,0
all,2016,Paul Quintaro,20,1.0,0.0,0.0,1.0,0.0,1.0,0,0,0
all,2016,R. Chandrasekaran,10,1.0,0.0,0.0,1.0,0.0,1.0,0,0,0
all,2016,Rebecca Sheppard,1,1.0,0.0,0.0,1.0,0.0,1.0,0,0,0
all,2016,Seeking Alpha,20,1.0,0.0,0.0,1.0,0.0,1.0,0,0,0
all,2016,Shanthi Rexaline,3,1.0,0.0,0.0,1.0,0.0,1.0,0,0,0
all,2016,Spencer White,1,1.0,0.0,0.0,1.0,0.0,1.0,0,0,0
all,2016,Taylor Cox,1,1.0,0.0,0.0,1.0,0.0,1.0,0,0,0
all,2016,The Ticker Tape,10,1.0,0.0,0.0,1.0,0.0,1.0,0,0,0
all,2016,TipRanks,1,1.0,0.0,0.0,1.0,0.0,1.0,0,0,0
all,2016,Vetr,16,1.0,0.0,0.0,1.0,0.0,1.0,0,0,0
all,2016,Wayne Duggan,15,1.0,0.0,0.0,1.0,0.0,1.0,0,0,0
all,2016,Zacks,6,1.0,0.0,0.0,1.0,0.0,1.0,0,0,0
all,2016,www.reuters.com,20,1.0,0.0,0.0,0.0,0.0,1.0,0,0,0
all,2017,Andrew Zatlin,1,1.0,0.0,0.0,1.0,0.0,1.0,0,0,0
all,2017,BayStreet,4,1.0,0.0,0.0,1.0,0.0,1.0,0,0,0
all,2017,Benzinga News Desk,7,1.0,0.0,0.0,1.0,0.0,1.0,0,0,0
all,2017,Benzinga Newsdesk,2,1.0,0.0,0.0,1.0,0.0,1.0,0,0,0
all,2017,Brent Slava,1,1.0,0.0,0.0,1.0,0.0,1.0,0,0,0
all,2017,Brett Hershman,4,1.0,0.0,0.0,1.0,0.0,1.0,0,0,0
all,2017,Charles Gross,20,1.0,0.0,0.0,1.0,0.0,1.0,0,0,0
all,2017,Chris Dier-Scalise,2,1.0,0.0,0.0,1.0,0.0,1.0,0,0,0
all,2017,Coцсети,8,1.0,1.0,0.0,1.0,1.0,1.0,799.75,1568.5,1728.5
all,2017,Craig Jones,16,1.0,0.0,0.0,1.0,0.0,1.0,0,0,0
all,2017,Dustin Blitchok,2,1.0,0.0,0.0,1.0,0.0,1.0,0,0,0
all,2017,Eddie Staley,13,1.0,0.0,0.0,1.0,0.0,1.0,0,0,0
all,2017,Elizabeth Balboa,1,1.0,0.0,0.0,1.0,0.0,1.0,0,0,0
all,2017,Ezra Schwarzbaum,3,1.0,0.0,0.0,1.0,0.0,1.0,0,0,0
all,2017,GuruFocus,20,1.0,0.0,0.0,1.0,0.0,1.0,0,0,0
all,2017,Hal Lindon,20,1.0,0.0,0.0,1.0,0.0,1.0,0,0,0
all,2017,Investor's Business Daily,20,1.0,0.0,0.0,1.0,0.0,1.0,0,0,0
all,2017,JJ Kinahan,1,1.0,0.0,0.0,1.0,0.0,1.0,0,0,0
all,2017,Javier Hasse,11,1.0,0.0,0.0,1.0,0.0,1.0,0,0,0
all,2017,Jayson Derrick,14,1.0,0.0,0.0,1.0,0.0,1.0,0,0,0
all,2017,Jim Swanson,7,1.0,0.0,0.0,1.0,0.0,1.0,0,0,0
all,2017,Joel Elconin,8,1.0,0.0,0.0,1.0,0.0,1.0,0,0,0
all,2017,Lisa Levin,20,1.0,0.0,0.0,1.0,0.0,1.0,0,0,0
all,2017,Manikandan Raman,3,1.0,0.0,0.0,1.0,0.0,1.0,0,0,0
all,2017,Mark Fritz,2,1.0,0.0,0.0,1.0,0.0,1.0,0,0,0
all,2017,Matt Hogan - Finbox.io,1,1.0,0.0,0.0,1.0,0.0,1.0,0,0,0
all,2017,Nelson Hem,5,1.0,0.0,0.0,1.0,0.0,1.0,0,0,0
all,2017,Paul Quintaro,20,1.0,0.0,0.0,1.0,0.0,1.0,0,0,0
all,2017,Press Release,1,1.0,0.0,0.0,1.0,0.0,1.0,0,0,0
all,2017,Scout Finance,4,1.0,0.0,0.0,1.0,0.0,1.0,0,0,0
all,2017,Seeking Alpha,20,1.0,0.0,0.0,1.0,0.0,1.0,0,0,0
all,2017,Shanthi Rexaline,13,1.0,0.0,0.0,1.0,0.0,1.0,0,0,0
all,2017,Spencer Israel,3,1.0,0.0,0.0,1.0,0.0,1.0,0,0,0
all,2017,Spencer White,2,1.0,0.0,0.0,1.0,0.0,1.0,0,0,0
all,2017,Taylor Cox,1,1.0,0.0,0.0,1.0,0.0,1.0,0,0,0
all,2017,The Ticker Tape,2,1.0,0.0,0.0,1.0,0.0,1.0,0,0,0
all,2017,Vetr,2,1.0,0.0,0.0,1.0,0.0,1.0,0,0,0
all,2017,Wayne Duggan,14,1.0,0.0,0.0,1.0,0.0,1.0,0,0,0
all,2017,Zacks,20,1.0,0.0,0.0,1.0,0.0,1.0,0,0,0
all,2017,lenta.ru,20,1.0,1.0,0.0,0.0,1.0,1.0,959.0,1111.5,1366.75
all,2017,vivek.proactive@gmail.com,4,1.0,0.0,0.0,1.0,0.0,1.0,0,0,0
all,2017,Автобизнес,4,1.0,1.0,0.0,1.0,1.0,1.0,986.0,1164.0,1467.25
all,2017,Бизнес,9,1.0,1.0,0.0,1.0,1.0,1.0,1121.0,1566.0,1645.0
all,2017,Бокс и ММА,5,1.0,1.0,0.0,1.0,1.0,1.0,889.0,899.0,954.0
all,2017,Вещи,2,1.0,1.0,0.0,1.0,1.0,1.0,1287.0,1308.0,1329.0
all,2017,Вирусные ролики,2,1.0,1.0,0.0,1.0,1.0,1.0,697.75,707.5,717.25
all,2017,Внешний вид,5,1.0,1.0,0.0,1.0,1.0,1.0,876.0,914.0,1034.0
all,2017,Все,10,1.0,1.0,0.0,1.0,1.0,1.0,1109.25,1269.0,1544.5
all,2017,Гаджеты,4,1.0,1.0,0.0,1.0,1.0,1.0,1019.0,1087.5,1193.5
all,2017,Город,9,1.0,1.0,0.0,1.0,1.0,1.0,1061.0,1169.0,1283.0
all,2017,Госэкономика,20,1.0,1.0,0.0,1.0,1.0,1.0,1107.0,1327.0,1476.5
all,2017,Дача,2,1.0,1.0,0.0,1.0,1.0,1.0,714.5,902.0,1089.5
all,2017,Движение,6,1.0,1.0,0.0,1.0,1.0,1.0,783.0,963.5,989.5
all,2017,Деловой климат,12,1.0,1.0,0.0,1.0,1.0,1.0,1464.25,1796.5,2045.75
all,2017,Деньги,1,1.0,1.0,0.0,1.0,1.0,1.0,0.0,0.0,0.0
all,2017,Достижения,9,1.0,1.0,0.0,1.0,1.0,1.0,916.0,981.0,988.0
all,2017,Еда,1,1.0,1.0,0.0,1.0,1.0,1.0,0.0,0.0,0.0
all,2017,Закавказье,2,1.0,1.0,0.0,1.0,1.0,1.0,960.5,1053.0,1145.5
all,2017,Звери,3,1.0,1.0,0.0,1.0,1.0,1.0,759.5,913.0,1064.0
all,2017,Зимние виды,1,1.0,1.0,0.0,1.0,1.0,1.0,0.0,0.0,0.0
all,2017,Игры,4,1.0,1.0,0.0,1.0,1.0,1.0,823.25,884.5,1228.0
all,2017,Инструменты,3,1.0,1.0,0.0,1.0,1.0,1.0,970.0,1043.0,1068.5
all,2017,Интернет,20,1.0,1.0,0.0,1.0,1.0,1.0,980.0,1200.5,1679.5
all,2017,Искусство,4,1.0,1.0,0.0,1.0,1.0,1.0,1049.75,1116.5,1424.25
all,2017,Квартира,6,1.0,1.0,0.0,1.0,1.0,1.0,1060.5,1183.5,1328.25
all,2017,Кино,20,1.0,1.0,0.0,1.0,1.0,1.0,678.5,962.5,1301.25
all,2017,Книги,1,1.0,1.0,0.0,1.0,1.0,1.0,0.0,0.0,0.0
all,2017,Конфликты,5,1.0,1.0,0.0,1.0,1.0,1.0,827.0,970.0,1144.0
all,2017,Космос,9,1.0,1.0,0.0,1.0,1.0,1.0,811.0,959.0,1195.0
all,2017,Криминал,9,1.0,1.0,0.0,1.0,1.0,1.0,658.0,986.0,1208.0
all,2017,Летние виды,4,1.0,1.0,0.0,1.0,1.0,1.0,899.25,999.0,1041.0
all,2017,Люди,5,1.0,1.0,0.0,1.0,1.0,1.0,902.0,1071.0,1295.0
all,2017,Мир,16,1.0,1.0,0.0,1.0,1.0,1.0,1027.5,1169.5,1371.5
all,2017,Мировой бизнес,4,1.0,1.0,0.0,1.0,1.0,1.0,1242.75,1451.5,1832.5
all,2017,Мнения,3,1.0,1.0,0.0,1.0,1.0,1.0,1043.5,1152.0,1257.0
all,2017,Молдавия,2,1.0,1.0,0.0,1.0,1.0,1.0,1511.0,1685.0,1859.0
all,2017,Москва,8,1.0,1.0,0.0,1.0,1.0,1.0,935.75,1003.0,1094.5
all,2017,Музыка,12,1.0,1.0,0.0,1.0,1.0,1.0,863.0,978.0,1107.75
all,2017,Наука,16,1.0,1.0,0.0,1.0,1.0,1.0,1335.0,1535.5,1694.25
all,2017,Общество,20,1.0,1.0,0.0,1.0,1.0,1.0,918.25,1162.5,1421.5
all,2017,Офис,1,1.0,1.0,0.0,1.0,1.0,1.0,0.0,0.0,0.0
all,2017,Политика,20,1.0,1.0,0.0,1.0,1.0,1.0,1008.5,1310.5,1423.0
all,2017,Полиция и спецслужбы,6,1.0,1.0,0.0,1.0,1.0,1.0,769.25,879.0,956.5
all,2017,Пресса,4,1.0,1.0,0.0,1.0,1.0,1.0,1154.25,1408.0,1554.25
all,2017,Преступность,11,1.0,1.0,0.0,1.0,1.0,1.0,958.0,1034.0,1456.0
all,2017,Прибалтика,8,1.0,1.0,0.0,1.0,1.0,1.0,1268.5,1402.0,1511.25
all,2017,Происшествия,20,1.0,1.0,0.0,1.0,1.0,1.0,721.0,1130.5,1284.0
all,2017,Регионы,5,1.0,1.0,0.0,1.0,1.0,1.0,1047.0,1133.0,1144.0
all,2017,Россия,7,1.0,1.0,0.0,1.0,1.0,1.0,965.0,1069.0,1138.0
all,2017,Рынки,3,1.0,1.0,0.0,1.0,1.0,1.0,1051.5,1185.0,1408.0
all,2017,Следствие и суд,20,1.0,1.0,0.0,1.0,1.0,1.0,1235.0,1448.5,1767.0
all,2017,События,7,1.0,1.0,0.0,1.0,1.0,1.0,940.5,1003.0,1606.0
all,2017,Софт,1,1.0,1.0,0.0,1.0,1.0,1.0,0.0,0.0,0.0
all,2017,Стиль,9,1.0,1.0,0.0,1.0,1.0,1.0,914.0,1049.0,1157.0
all,2017,ТВ и радио,7,1.0,1.0,0.0,1.0,1.0,1.0,955.5,1198.0,1752.5
all,2017,Театр,20,1.0,1.0,0.0,1.0,1.0,1.0,1167.25,1425.5,1645.5
all,2017,Туризм,1,1.0,1.0,0.0,1.0,1.0,1.0,0.0,0.0,0.0
all,2017,Украина,20,1.0,1.0,0.0,1.0,1.0,1.0,992.0,1479.0,1617.75
all,2017,Футбол,20,1.0,1.0,0.0,1.0,1.0,1.0,807.75,947.0,1051.75
all,2017,Хоккей,8,1.0,1.0,0.0,1.0,1.0,1.0,705.75,775.0,951.0
all,2017,Часы,3,1.0,1.0,0.0,1.0,1.0,1.0,934.5,947.0,990.5
all,2017,Явления,14,1.0,1.0,0.0,1.0,1.0,1.0,885.25,944.0,1261.5
all,2018,Andy Pai,1,1.0,0.0,0.0,1.0,0.0,1.0,0,0,0
all,2018,Benzinga Newdesk,17,1.0,0.0,0.0,1.0,0.0,1.0,0,0,0
all,2018,Benzinga Newsdesk,20,1.0,0.0,0.0,1.0,0.0,1.0,0,0,0
all,2018,Benzinga  Newsdesk,1,1.0,0.0,0.0,1.0,0.0,1.0,0,0,0
all,2018,Benzinga_Newsdesk,20,1.0,0.0,0.0,1.0,0.0,1.0,0,0,0
all,2018,Bill Haddad,2,1.0,0.0,0.0,1.0,0.0,1.0,0,0,0
all,2018,Brad Hammond,8,1.0,0.0,0.0,1.0,0.0,1.0,0,0,0
all,2018,Brett Hershman,8,1.0,0.0,0.0,1.0,0.0,1.0,0,0,0
all,2018,Charles Gross,20,1.0,0.0,0.0,1.0,0.0,1.0,0,0,0
all,2018,Chris Dier-Scalise,1,1.0,0.0,0.0,1.0,0.0,1.0,0,0,0
all,2018,Craig Jones,2,1.0,0.0,0.0,1.0,0.0,1.0,0,0,0
all,2018,Eddie Staley,20,1.0,0.0,0.0,1.0,0.0,1.0,0,0,0
all,2018,Elizabeth Balboa,2,1.0,0.0,0.0,1.0,0.0,1.0,0,0,0
all,2018,Ezra Schwarzbaum,1,1.0,0.0,0.0,1.0,0.0,1.0,0,0,0
all,2018,FreightWaves,5,1.0,0.0,0.0,1.0,0.0,1.0,0,0,0
all,2018,GuruFocus,20,1.0,0.0,0.0,1.0,0.0,1.0,0,0,0
all,2018,Hal Lindon,20,1.0,0.0,0.0,1.0,0.0,1.0,0,0,0
all,2018,Hannah Genig,2,1.0,0.0,0.0,1.0,0.0,1.0,0,0,0
all,2018,Investor's Business Daily,20,1.0,0.0,0.0,1.0,0.0,1.0,0,0,0
all,2018,JJ Kinahan,1,1.0,0.0,0.0,1.0,0.0,1.0,0,0,0
all,2018,Javier Hasse,1,1.0,0.0,0.0,1.0,0.0,1.0,0,0,0
all,2018,Jayson Derrick,19,1.0,0.0,0.0,1.0,0.0,1.0,0,0,0
all,2018,Lisa Levin,20,1.0,0.0,0.0,1.0,0.0,1.0,0,0,0
all,2018,Matt Hogan - Finbox.io,1,1.0,0.0,0.0,1.0,0.0,1.0,0,0,0
all,2018,Nelson Hem,3,1.0,0.0,0.0,1.0,0.0,1.0,0,0,0
all,2018,Paul Quintaro,20,1.0,0.0,0.0,1.0,0.0,1.0,0,0,0
all,2018,Rich Worthington,1,1.0,0.0,0.0,1.0,0.0,1.0,0,0,0
all,2018,Seeking Alpha,20,1.0,0.0,0.0,1.0,0.0,1.0,0,0,0
all,2018,Shanthi Rexaline,11,1.0,0.0,0.0,1.0,0.0,1.0,0,0,0
all,2018,Spencer Israel,1,1.0,0.0,0.0,1.0,0.0,1.0,0,0,0
all,2018,Steve Miller,1,1.0,0.0,0.0,1.0,0.0,1.0,0,0,0
all,2018,TalkMarkets,5,1.0,0.0,0.0,1.0,0.0,1.0,0,0,0
all,2018,Taylor Cox,7,1.0,0.0,0.0,1.0,0.0,1.0,0,0,0
all,2018,The Ticker Tape,1,1.0,0.0,0.0,1.0,0.0,1.0,0,0,0
all,2018,VantagePoint,1,1.0,0.0,0.0,1.0,0.0,1.0,0,0,0
all,2018,Vick Meyer,20,1.0,0.0,0.0,1.0,0.0,1.0,0,0,0
all,2018,Wayne Duggan,9,1.0,0.0,0.0,1.0,0.0,1.0,0,0,0
all,2018,Zacks,20,1.0,0.0,0.0,1.0,0.0,1.0,0,0,0
all,2018,lbjacobi,1,1.0,0.0,0.0,1.0,0.0,1.0,0,0,0
all,2018,luke@benzinga.com,18,1.0,0.0,0.0,1.0,0.0,1.0,0,0,0
all,2019,Benzinga Newsdesk,20,1.0,0.0,0.0,1.0,0.0,1.0,0,0,0
all,2019,Benzinga  Newsdesk,3,1.0,0.0,0.0,1.0,0.0,1.0,0,0,0
all,2019,Benzinga_Newsdesk,20,1.0,0.0,0.0,1.0,0.0,1.0,0,0,0
all,2019,Brett Hershman,7,1.0,0.0,0.0,1.0,0.0,1.0,0,0,0
all,2019,Charles Gross,15,1.0,0.0,0.0,1.0,0.0,1.0,0,0,0
all,2019,Chris Dier-Scalise,2,1.0,0.0,0.0,1.0,0.0,1.0,0,0,0
all,2019,Craig Jones,1,1.0,0.0,0.0,1.0,0.0,1.0,0,0,0
all,2019,Dave Royse,3,1.0,0.0,0.0,1.0,0.0,1.0,0,0,0
all,2019,Elizabeth Balboa,1,1.0,0.0,0.0,1.0,0.0,1.0,0,0,0
all,2019,FreightWaves,20,1.0,0.0,0.0,1.0,0.0,1.0,0,0,0
all,2019,GuruFocus,20,1.0,0.0,0.0,1.0,0.0,1.0,0,0,0
all,2019,Hal Lindon,8,1.0,0.0,0.0,1.0,0.0,1.0,0,0,0
all,2019,Investor's Business Daily,20,1.0,0.0,0.0,1.0,0.0,1.0,0,0,0
all,2019,JJ Kinahan,1,1.0,0.0,0.0,1.0,0.0,1.0,0,0,0
all,2019,Jayson Derrick,1,1.0,0.0,0.0,1.0,0.0,1.0,0,0,0
all,2019,Joel Elconin,1,1.0,0.0,0.0,1.0,0.0,1.0,0,0,0
all,2019,Lisa Levin,20,1.0,0.0,0.0,1.0,0.0,1.0,0,0,0
all,2019,Nelson Hem,2,1.0,0.0,0.0,1.0,0.0,1.0,0,0,0
all,2019,Priya Nigam,5,1.0,0.0,0.0,1.0,0.0,1.0,0,0,0
all,2019,Seeking Alpha,20,1.0,0.0,0.0,1.0,0.0,1.0,0,0,0
all,2019,Shanthi Rexaline,1,1.0,0.0,0.0,1.0,0.0,1.0,0,0,0
all,2019,Spencer Israel,1,1.0,0.0,0.0,1.0,0.0,1.0,0,0,0
all,2019,TalkMarkets,20,1.0,0.0,0.0,1.0,0.0,1.0,0,0,0
all,2019,Tanzeel Akhtar,4,1.0,0.0,0.0,1.0,0.0,1.0,0,0,0
all,2019,Vick Meyer,20,1.0,0.0,0.0,1.0,0.0,1.0,0,0,0
all,2019,Wayne Duggan,3,1.0,0.0,0.0,1.0,0.0,1.0,0,0,0
all,2019,Zacks,20,1.0,0.0,0.0,1.0,0.0,1.0,0,0,0
all,2019,luke@benzinga.com,9,1.0,0.0,0.0,1.0,0.0,1.0,0,0,0
all,2020,BayStreet,1,1.0,0.0,0.0,1.0,0.0,1.0,0,0,0
all,2020,Benzinga Insights,17,1.0,0.0,0.0,1.0,0.0,1.0,0,0,0
all,2020,Benzinga Newsdesk,20,1.0,0.0,0.0,1.0,0.0,1.0,0,0,0
all,2020,Benzinga Staff,1,1.0,0.0,0.0,1.0,0.0,1.0,0,0,0
all,2020,Benzinga_Newsdesk,20,1.0,0.0,0.0,1.0,0.0,1.0,0,0,0
all,2020,Benzinga Newsdesk,19,1.0,0.0,0.0,1.0,0.0,1.0,0,0,0
all,2020,Charles Gross,20,1.0,0.0,0.0,1.0,0.0,1.0,0,0,0
all,2020,Craig Jones,6,1.0,0.0,0.0,1.0,0.0,1.0,0,0,0
all,2020,Direxion,1,1.0,0.0,0.0,1.0,0.0,1.0,0,0,0
all,2020,ETF Professor,4,1.0,0.0,0.0,1.0,0.0,1.0,0,0,0
all,2020,Elizabeth Balboa,8,1.0,0.0,0.0,1.0,0.0,1.0,0,0,0
all,2020,FreightWaves,13,1.0,0.0,0.0,1.0,0.0,1.0,0,0,0
all,2020,GuruFocus,20,1.0,0.0,0.0,1.0,0.0,1.0,0,0,0
all,2020,Henry Khederian,1,1.0,0.0,0.0,1.0,0.0,1.0,0,0,0
all,2020,Howie Bick,1,1.0,0.0,0.0,1.0,0.0,1.0,0,0,0
all,2020,IAM Newswire,20,1.0,0.0,0.0,1.0,0.0,1.0,0,0,0
all,2020,Investor's Business Daily,20,1.0,0.0,0.0,1.0,0.0,1.0,0,0,0
all,2020,JJ Kinahan,20,1.0,0.0,0.0,1.0,0.0,1.0,0,0,0
all,2020,Jason Shubnell,3,1.0,0.0,0.0,1.0,0.0,1.0,0,0,0
all,2020,Javier Hasse,1,1.0,0.0,0.0,1.0,0.0,1.0,0,0,0
all,2020,Jayson Derrick,8,1.0,0.0,0.0,1.0,0.0,1.0,0,0,0
all,2020,Lisa Levin,20,1.0,0.0,0.0,1.0,0.0,1.0,0,0,0
all,2020,Luis Aureliano,1,1.0,0.0,0.0,1.0,0.0,1.0,0,0,0
all,2020,Luke J Jacobi,3,1.0,0.0,0.0,1.0,0.0,1.0,0,0,0
all,2020,Neer Varshney,20,1.0,0.0,0.0,1.0,0.0,1.0,0,0,0
all,2020,Nelson Hem,9,1.0,0.0,0.0,1.0,0.0,1.0,0,0,0
all,2020,Othanas Economopoulos,1,1.0,0.0,0.0,1.0,0.0,1.0,0,0,0
all,2020,Priya Nigam,2,1.0,0.0,0.0,1.0,0.0,1.0,0,0,0
all,2020,Randy Elias,1,1.0,0.0,0.0,1.0,0.0,1.0,0,0,0
all,2020,Renato Capelj,5,1.0,0.0,0.0,1.0,0.0,1.0,0,0,0
all,2020,Shanthi Rexaline,14,1.0,0.0,0.0,1.0,0.0,1.0,0,0,0
all,2020,Shivdeep Dhaliwal,20,1.0,0.0,0.0,1.0,0.0,1.0,0,0,0
all,2020,Spencer Israel,3,1.0,0.0,0.0,1.0,0.0,1.0,0,0,0
all,2020,TD Ameritrade,3,1.0,0.0,0.0,1.0,0.0,1.0,0,0,0
all,2020,TD Ameritrade Network,1,1.0,0.0,0.0,1.0,0.0,1.0,0,0,0
all,2020,TalkMarkets,20,1.0,0.0,0.0,1.0,0.0,1.0,0,0,0
all,2020,Tanzeel Akhtar,11,1.0,0.0,0.0,1.0,0.0,1.0,0,0,0
all,2020,Tobias Van Gils - Countach Research,1,1.0,0.0,0.0,1.0,0.0,1.0,0,0,0
all,2020,Tyree Gorges,4,1.0,0.0,0.0,1.0,0.0,1.0,0,0,0
all,2020,Vick Meyer,20,1.0,0.0,0.0,1.0,0.0,1.0,0,0,0
all,2020,Wayne Duggan,11,1.0,0.0,0.0,1.0,0.0,1.0,0,0,0
all,2020,Zacks,20,1.0,0.0,0.0,1.0,0.0,1.0,0,0,0
all,2020,luke@benzinga.com,20,1.0,0.0,0.0,1.0,0.0,1.0,0,0,0
all,2020,vishwanath@benzinga.com,20,1.0,0.0,0.0,1.0,0.0,1.0,0,0,0
all,ALL,ALL,5711,1.0,0.18525652250043775,0.0,0.9530730169847662,0.18525652250043775,0.9998248993171074,1016.25,1306.5,1657.5
nasdaq,2014,www.nasdaq.com,7,1.0,1.0,1.0,0.0,0.0,1.0,1437.0,1793.0,2901.5
nasdaq,2015,www.nasdaq.com,35,1.0,1.0,1.0,0.0,0.0,1.0,1260.5,1793.0,2720.0
nasdaq,2016,www.nasdaq.com,51,1.0,1.0,1.0,0.0,0.0,1.0,1377.0,2283.0,3698.0
nasdaq,2017,www.nasdaq.com,236,1.0,1.0,1.0,0.0,0.0,1.0,2396.5,3610.5,5435.5
nasdaq,2018,www.nasdaq.com,138,1.0,1.0,1.0,0.0,0.0,1.0,2084.0,3978.0,6003.0
nasdaq,2019,www.nasdaq.com,47,1.0,1.0,1.0,0.0,0.0,1.0,1845.0,2093.0,4231.5
nasdaq,2020,www.nasdaq.com,30,1.0,1.0,1.0,0.0,0.0,1.0,1514.5,3070.0,10240.5
nasdaq,2021,www.nasdaq.com,275,1.0,1.0,1.0,0.0,0.0,1.0,2246.5,3692.0,5445.0
nasdaq,2022,www.nasdaq.com,446,1.0,1.0,1.0,0.0,0.0,1.0,2176.75,3966.5,5586.0
nasdaq,2023,www.nasdaq.com,735,1.0,1.0,1.0,0.0,0.0,1.0,2293.0,4260.0,5324.5
nasdaq,ALL,ALL,2000,1.0,1.0,1.0,0.0,0.0,1.0,2148.25,3819.5,5376.25
